7zip	23.01+dfsg-11	amd64
accountsservice	23.13.9-2ubuntu6	amd64
acl	2.3.2-1build1.1	amd64
adduser	3.137ubuntu1	all
adwaita-icon-theme	46.0-1	all
alsa-base	1.0.25+dfsg-0ubuntu7	all
alsa-topology-conf	1.2.5.1-2	all
alsa-ucm-conf	1.2.10-1ubuntu5.10	all
alsa-utils	1.2.9-1ubuntu5	amd64
amd64-microcode	3.20250311.1ubuntu0.24.04.1	amd64
anacron	2.3-39ubuntu2	amd64
apg	2.2.3.dfsg.1-5build3	amd64
apparmor	4.0.1really4.0.1-0ubuntu0.24.04.5	amd64
apport	2.28.1-0ubuntu3.8	all
apport-core-dump-handler	2.28.1-0ubuntu3.8	all
apport-gtk	2.28.1-0ubuntu3.8	all
apport-symptoms	0.25	all
appstream	1.0.2-1build6	amd64
apt	2.8.3	amd64
apt-config-icons	1.0.2-1build6	all
apt-config-icons-hidpi	1.0.2-1build6	all
apt-utils	2.8.3	amd64
aptdaemon	1.1.1+bzr982-0ubuntu44	all
aptdaemon-data	1.1.1+bzr982-0ubuntu44	all
aspell	0.60.8.1-1build1	amd64
aspell-en	2020.12.07-0-1	all
at-spi2-common	2.52.0-1build1	all
at-spi2-core	2.52.0-1build1	amd64
avahi-daemon	0.8-13ubuntu6.2	amd64
baobab	46.0-1build1	amd64
base-files	13ubuntu10.4	amd64
base-passwd	3.6.3build1	amd64
bash	5.2.21-2ubuntu4	amd64
bash-completion	1:2.11-8	all
bc	1.07.1-3ubuntu4	amd64
bind9-dnsutils	1:9.18.39-0ubuntu0.24.04.5	amd64
bind9-host	1:9.18.39-0ubuntu0.24.04.5	amd64
bind9-libs:amd64	1:9.18.39-0ubuntu0.24.04.5	amd64
binutils	2.42-4ubuntu2.10	amd64
binutils-common:amd64	2.42-4ubuntu2.10	amd64
binutils-x86-64-linux-gnu	2.42-4ubuntu2.10	amd64
bluez	5.72-0ubuntu5.5	amd64
bluez-cups	5.72-0ubuntu5.5	amd64
bluez-obexd	5.72-0ubuntu5.5	amd64
bolt	0.9.7-1	amd64
bpfcc-tools	0.29.1+ds-1ubuntu7	all
bpftrace	0.20.2-1ubuntu4.3	amd64
brltty	6.6-4ubuntu5	amd64
bsdextrautils	2.39.3-9ubuntu6.5	amd64
bsdutils	1:2.39.3-9ubuntu6.5	amd64
bubblewrap	0.9.0-1ubuntu0.1	amd64
build-essential	12.10ubuntu1	amd64
busybox-initramfs	1:1.36.1-6ubuntu3.1	amd64
busybox-static	1:1.36.1-6ubuntu3.1	amd64
bzip2	1.0.8-5.1build0.1	amd64
ca-certificates	20240203	all
ca-certificates-java	20240118	all
chrony	4.5-1ubuntu4.2	amd64
cloud-guest-utils	0.33-1	all
cloud-init	25.3-0ubuntu1~24.04.1	all
code	1.113.0-1774364744	amd64
colord	1.4.7-1build2	amd64
colord-data	1.4.7-1build2	all
command-not-found	23.04.0	all
console-setup	1.226ubuntu1	all
console-setup-linux	1.226ubuntu1	all
copyq	7.1.0-1build2	amd64
copyq-plugins	7.1.0-1build2	amd64
coreutils	9.4-3ubuntu6.2	amd64
cpio	2.15+dfsg-1ubuntu2	amd64
cpp	4:13.2.0-7ubuntu1	amd64
cpp-13	13.3.0-6ubuntu2~24.04.1	amd64
cpp-13-x86-64-linux-gnu	13.3.0-6ubuntu2~24.04.1	amd64
cpp-x86-64-linux-gnu	4:13.2.0-7ubuntu1	amd64
cracklib-runtime	2.9.6-5.1build2	amd64
cron	3.0pl1-184ubuntu2	amd64
cron-daemon-common	3.0pl1-184ubuntu2	all
cuda-cccl-13-0	13.0.85-1	amd64
cuda-command-line-tools-13-0	13.0.3-1	amd64
cuda-compiler-13-0	13.0.3-1	amd64
cuda-crt-13-0	13.0.88-1	amd64
cuda-cudart-13-0	13.0.96-1	amd64
cuda-cudart-dev-13-0	13.0.96-1	amd64
cuda-culibos-dev-13-0	13.0.85-1	amd64
cuda-cuobjdump-13-0	13.0.85-1	amd64
cuda-cupti-13-0	13.0.85-1	amd64
cuda-cupti-dev-13-0	13.0.85-1	amd64
cuda-cuxxfilt-13-0	13.0.85-1	amd64
cuda-documentation-13-0	13.0.85-1	amd64
cuda-driver-dev-13-0	13.0.96-1	amd64
cuda-gdb-13-0	13.0.85-1	amd64
cuda-keyring	1.1-1	all
cuda-libraries-13-0	13.0.3-1	amd64
cuda-libraries-dev-13-0	13.0.3-1	amd64
cuda-nsight-13-0	13.0.85-1	amd64
cuda-nsight-compute-13-0	13.0.3-1	amd64
cuda-nsight-systems-13-0	13.0.3-1	amd64
cuda-nvcc-13-0	13.0.88-1	amd64
cuda-nvdisasm-13-0	13.0.85-1	amd64
cuda-nvml-dev-13-0	13.0.87-1	amd64
cuda-nvprune-13-0	13.0.85-1	amd64
cuda-nvrtc-13-0	13.0.88-1	amd64
cuda-nvrtc-dev-13-0	13.0.88-1	amd64
cuda-nvtx-13-0	13.0.85-1	amd64
cuda-opencl-13-0	13.0.85-1	amd64
cuda-profiler-api-13-0	13.0.85-1	amd64
cuda-sandbox-dev-13-0	13.0.85-1	amd64
cuda-sanitizer-13-0	13.0.85-1	amd64
cuda-toolkit-13-0	13.0.3-1	amd64
cuda-toolkit-13-0-config-common	13.0.96-1	all
cuda-toolkit-13-config-common	13.2.75-1	all
cuda-toolkit-config-common	13.2.75-1	all
cuda-tools-13-0	13.0.3-1	amd64
cuda-visual-tools-13-0	13.0.3-1	amd64
cups	2.4.7-1.2ubuntu7.9	amd64
cups-browsed	2.0.0-0ubuntu10.3	amd64
cups-bsd	2.4.7-1.2ubuntu7.9	amd64
cups-client	2.4.7-1.2ubuntu7.9	amd64
cups-common	2.4.7-1.2ubuntu7.9	all
cups-core-drivers	2.4.7-1.2ubuntu7.9	amd64
cups-daemon	2.4.7-1.2ubuntu7.9	amd64
cups-filters	2.0.0-0ubuntu4.1	amd64
cups-filters-core-drivers	2.0.0-0ubuntu4.1	amd64
cups-ipp-utils	2.4.7-1.2ubuntu7.9	amd64
cups-pk-helper	0.2.6-1ubuntu8	amd64
cups-ppdc	2.4.7-1.2ubuntu7.9	amd64
cups-server-common	2.4.7-1.2ubuntu7.9	all
dash	0.5.12-6ubuntu5	amd64
dbus	1.14.10-4ubuntu4.1	amd64
dbus-bin	1.14.10-4ubuntu4.1	amd64
dbus-daemon	1.14.10-4ubuntu4.1	amd64
dbus-session-bus-common	1.14.10-4ubuntu4.1	all
dbus-system-bus-common	1.14.10-4ubuntu4.1	all
dbus-user-session	1.14.10-4ubuntu4.1	amd64
dc	1.07.1-3ubuntu4	amd64
dconf-cli	0.40.0-4ubuntu0.1	amd64
dconf-gsettings-backend:amd64	0.40.0-4ubuntu0.1	amd64
dconf-service	0.40.0-4ubuntu0.1	amd64
debconf	1.5.86ubuntu1	all
debconf-i18n	1.5.86ubuntu1	all
debianutils	5.17build1	amd64
default-jre	2:1.21-75+exp1	amd64
default-jre-headless	2:1.21-75+exp1	amd64
desktop-file-utils	0.27-2build1	amd64
dhcpcd-base	1:10.0.6-1ubuntu3.2	amd64
dictionaries-common	1.29.7	all
diffutils	1:3.10-1build1	amd64
dirmngr	2.4.4-2ubuntu17.4	amd64
distro-info	1.7build1	amd64
distro-info-data	0.60ubuntu0.6	all
dkms	1:3.4.0-2ubuntu1	all
dmidecode	3.5-3ubuntu0.1	amd64
dmsetup	2:1.02.185-3ubuntu3.2	amd64
dmz-cursor-theme	0.4.5ubuntu1	all
dns-root-data	2024071801~ubuntu0.24.04.1	all
dnsmasq-base	2.90-2ubuntu0.3	amd64
docbook-xml	4.5-12	all
dosfstools	4.2-1.1build1	amd64
dpkg	1.22.6ubuntu6.6	amd64
dpkg-dev	1.22.6ubuntu6.6	all
dracut-install	060+5-1ubuntu3.3	amd64
e2fsprogs	1.47.0-2.4~exp1ubuntu4.1	amd64
e2fsprogs-l10n	1.47.0-2.4~exp1ubuntu4.1	all
eatmydata	131-1ubuntu1	all
ed	1.20.1-1	amd64
efibootmgr	18-1build2	amd64
eject	2.39.3-9ubuntu6.5	amd64
emacsen-common	3.0.5	all
enchant-2	2.3.3-2build2	amd64
eog	45.3-1ubuntu2	amd64
eslint	6.4.0~dfsg+~6.1.9-11build3	all
espeak-ng-data:amd64	1.51+dfsg-12build1	amd64
ethtool	1:6.7-1build1	amd64
evince	46.3.1-0ubuntu1.1	amd64
evince-common	46.3.1-0ubuntu1.1	all
evolution-data-server	3.52.3-0ubuntu1.2	amd64
evolution-data-server-common	3.52.3-0ubuntu1.2	all
fakeroot	1.33-1	amd64
fcitx5	5.1.7-1build3	amd64
fcitx5-config-qt	5.1.4-1	amd64
fcitx5-data	5.1.7-1build3	all
fcitx5-frontend-all	5.1.7-1build3	all
fcitx5-frontend-gtk3	5.1.1-1build2	amd64
fcitx5-frontend-gtk4	5.1.1-1build2	amd64
fcitx5-frontend-qt5	5.1.4-1build5	amd64
fcitx5-frontend-qt6	5.1.4-1build5	amd64
fcitx5-modules:amd64	5.1.7-1build3	amd64
fcitx5-rime:amd64	5.1.4-2build2	amd64
fdisk	2.39.3-9ubuntu6.5	amd64
ffmpeg	7:6.1.1-3ubuntu5	amd64
file	1:5.45-3build1	amd64
findutils	4.9.0-5build1	amd64
firefox	1:1snap1-0ubuntu5	amd64
firmware-sof-signed	2023.12.1-1ubuntu1.10	all
flatpak	1.14.6-1ubuntu0.1	amd64
fontconfig	2.15.0-1.1ubuntu2	amd64
fontconfig-config	2.15.0-1.1ubuntu2	amd64
fonts-dejavu-core	2.37-8	all
fonts-dejavu-extra	2.37-8	all
fonts-dejavu-mono	2.37-8	all
fonts-droid-fallback	1:6.0.1r16-1.1build1	all
fonts-freefont-ttf	20211204+svn4273-2	all
fonts-liberation	1:2.1.5-3	all
fonts-liberation-sans-narrow	1:1.07.6-4	all
fonts-noto-cjk	1:20230817+repack1-3	all
fonts-noto-color-emoji	2.047-0ubuntu0.24.04.1	all
fonts-noto-core	20201225-2	all
fonts-noto-mono	20201225-2	all
fonts-ubuntu	0.869+git20240321-0ubuntu1	all
fonts-urw-base35	20200910-8	all
foomatic-db-compressed-ppds	20230202-1	all
fprintd	1.94.3-1	amd64
friendly-recovery	0.2.42	all
ftp	20230507-2build3	all
fuse3	3.14.0-5build1	amd64
fwupd	1.9.33-0ubuntu1~24.04.1ubuntu1	amd64
fwupd-signed	1.52+1.4-1	amd64
g++	4:13.2.0-7ubuntu1	amd64
g++-13	13.3.0-6ubuntu2~24.04.1	amd64
g++-13-x86-64-linux-gnu	13.3.0-6ubuntu2~24.04.1	amd64
g++-x86-64-linux-gnu	4:13.2.0-7ubuntu1	amd64
gamemode	1.8.1-2build1	amd64
gamemode-daemon	1.8.1-2build1	amd64
gammastep	2.0.9-1build2	amd64
gcc	4:13.2.0-7ubuntu1	amd64
gcc-13	13.3.0-6ubuntu2~24.04.1	amd64
gcc-13-base:amd64	13.3.0-6ubuntu2~24.04.1	amd64
gcc-13-x86-64-linux-gnu	13.3.0-6ubuntu2~24.04.1	amd64
gcc-14-base:amd64	14.2.0-4ubuntu2~24.04.1	amd64
gcc-x86-64-linux-gnu	4:13.2.0-7ubuntu1	amd64
gcr	3.41.2-1build3	amd64
gcr4	4.2.0-5	amd64
gdb	15.1-1ubuntu1~24.04.1	amd64
gdisk	1.0.10-1build1	amd64
gdm3	46.2-1ubuntu1~24.04.7	amd64
gds-tools-13-0	1.15.1.6-1	amd64
geoclue-2.0	2.7.0-3ubuntu7	amd64
geocode-glib-common	3.26.3-6build3	all
gettext-base	0.21-14ubuntu2	amd64
gh	2.45.0-1ubuntu0.3	amd64
ghostscript	10.02.1~dfsg1-0ubuntu7.8	amd64
gir1.2-accountsservice-1.0:amd64	23.13.9-2ubuntu6	amd64
gir1.2-adw-1:amd64	1.5.0-1ubuntu2	amd64
gir1.2-atk-1.0:amd64	2.52.0-1build1	amd64
gir1.2-atspi-2.0:amd64	2.52.0-1build1	amd64
gir1.2-ayatanaappindicator3-0.1	0.5.93-1build3	amd64
gir1.2-freedesktop:amd64	1.80.1-1	amd64
gir1.2-gck-2:amd64	4.2.0-5	amd64
gir1.2-gcr-4:amd64	4.2.0-5	amd64
gir1.2-gdesktopenums-3.0:amd64	46.1-0ubuntu1	amd64
gir1.2-gdkpixbuf-2.0:amd64	2.42.10+dfsg-3ubuntu3.3	amd64
gir1.2-gdm-1.0	46.2-1ubuntu1~24.04.7	amd64
gir1.2-geoclue-2.0:amd64	2.7.0-3ubuntu7	amd64
gir1.2-girepository-2.0:amd64	1.80.1-1	amd64
gir1.2-glib-2.0:amd64	2.80.0-6ubuntu3.8	amd64
gir1.2-gmenu-3.0:amd64	3.36.0-1.1ubuntu3	amd64
gir1.2-gnomeautoar-0.1:amd64	0.4.4-2build4	amd64
gir1.2-gnomebg-4.0:amd64	44.0-5build2	amd64
gir1.2-gnomebluetooth-3.0:amd64	46.0-1ubuntu1	amd64
gir1.2-gnomedesktop-3.0:amd64	44.0-5build2	amd64
gir1.2-gnomedesktop-4.0:amd64	44.0-5build2	amd64
gir1.2-graphene-1.0:amd64	1.10.8-3build2	amd64
gir1.2-gstreamer-1.0:amd64	1.24.2-1ubuntu0.1	amd64
gir1.2-gtk-3.0:amd64	3.24.41-4ubuntu1.3	amd64
gir1.2-gtk-4.0:amd64	4.14.5+ds-0ubuntu0.9	amd64
gir1.2-gudev-1.0:amd64	1:238-5ubuntu1	amd64
gir1.2-gweather-4.0:amd64	4.4.2-1build1	amd64
gir1.2-handy-1:amd64	1.8.3-1build2	amd64
gir1.2-harfbuzz-0.0:amd64	8.3.0-2build2	amd64
gir1.2-ibus-1.0:amd64	1.5.29-2	amd64
gir1.2-javascriptcoregtk-4.1:amd64	2.52.3-0ubuntu0.24.04.1	amd64
gir1.2-javascriptcoregtk-6.0:amd64	2.52.3-0ubuntu0.24.04.1	amd64
gir1.2-mutter-14:amd64	46.2-1ubuntu0.24.04.14	amd64
gir1.2-nm-1.0:amd64	1.46.0-1ubuntu2.6	amd64
gir1.2-nma4-1.0:amd64	1.10.6-3build2	amd64
gir1.2-notify-0.7:amd64	0.8.3-1build2	amd64
gir1.2-packagekitglib-1.0	1.2.8-2ubuntu1.5	amd64
gir1.2-pango-1.0:amd64	1.52.1+ds-1build1	amd64
gir1.2-peas-1.0:amd64	1.36.0-3build4	amd64
gir1.2-polkit-1.0	124-2ubuntu1.24.04.3	amd64
gir1.2-rsvg-2.0:amd64	2.58.0+dfsg-1build1	amd64
gir1.2-secret-1:amd64	0.21.4-1build3	amd64
gir1.2-snapd-2:amd64	1.64-0ubuntu5	amd64
gir1.2-soup-3.0:amd64	3.4.4-5ubuntu0.7	amd64
gir1.2-upowerglib-1.0:amd64	1.90.3-1	amd64
gir1.2-vte-2.91:amd64	0.76.0-1ubuntu0.1	amd64
gir1.2-webkit-6.0:amd64	2.52.3-0ubuntu0.24.04.1	amd64
gir1.2-webkit2-4.1:amd64	2.52.3-0ubuntu0.24.04.1	amd64
gir1.2-wnck-3.0:amd64	43.0-3build4	amd64
git	1:2.43.0-1ubuntu7.3	amd64
git-man	1:2.43.0-1ubuntu7.3	all
gjs	1.80.2-1build2	amd64
gkbd-capplet	3.28.1-1build3	amd64
glib-networking-common	2.80.0-1build1	all
glib-networking-services	2.80.0-1build1	amd64
glib-networking:amd64	2.80.0-1build1	amd64
gnome-accessibility-themes	3.28-2ubuntu5	all
gnome-bluetooth-3-common	46.0-1ubuntu1	all
gnome-bluetooth-sendto	46.0-1ubuntu1	amd64
gnome-calculator	1:46.3-0ubuntu0.1	amd64
gnome-characters	46.0-1build1	amd64
gnome-clocks	46.0-1build1	amd64
gnome-control-center	1:46.7-0ubuntu0.24.04.3	amd64
gnome-control-center-data	1:46.7-0ubuntu0.24.04.3	all
gnome-control-center-faces	1:46.7-0ubuntu0.24.04.3	all
gnome-desktop3-data	44.0-5build2	all
gnome-disk-utility	46.0-1ubuntu3	amd64
gnome-font-viewer	46.0-1build1	amd64
gnome-initial-setup	46.3-1ubuntu3~24.04.2	amd64
gnome-keyring	46.1-2ubuntu0.2	amd64
gnome-keyring-pkcs11:amd64	46.1-2ubuntu0.2	amd64
gnome-logs	45.0-1build1	amd64
gnome-menus	3.36.0-1.1ubuntu3	amd64
gnome-online-accounts	3.50.4-0ubuntu2	amd64
gnome-power-manager	43.0-2build2	amd64
gnome-remote-desktop	46.3-0ubuntu1.2	amd64
gnome-session-bin	46.0-1ubuntu4	amd64
gnome-session-canberra	0.30-10ubuntu10	amd64
gnome-session-common	46.0-1ubuntu4	all
gnome-settings-daemon	46.0-1ubuntu1.24.04.1	amd64
gnome-settings-daemon-common	46.0-1ubuntu1.24.04.1	all
gnome-shell	46.0-0ubuntu6~24.04.13	amd64
gnome-shell-common	46.0-0ubuntu6~24.04.13	all
gnome-shell-extension-appindicator	58-1ubuntu24.04.1	all
gnome-shell-extension-desktop-icons-ng	46+really47.0.9-1ubuntu5	all
gnome-shell-extension-ubuntu-dock	90ubuntu3	all
gnome-shell-extension-ubuntu-tiling-assistant	46-1ubuntu1.1	all
gnome-snapshot	46.2-1ubuntu2	amd64
gnome-startup-applications	46.0-1ubuntu4	amd64
gnome-system-monitor	46.0-1build1	amd64
gnome-terminal	3.52.0-1ubuntu2	amd64
gnome-terminal-data	3.52.0-1ubuntu2	all
gnome-text-editor	46.3-0ubuntu2	amd64
gnome-themes-extra-data	3.28-2ubuntu5	all
gnome-themes-extra:amd64	3.28-2ubuntu5	amd64
gnome-tweaks	46.0-2	all
gnome-user-docs	46.0-1ubuntu1	all
gnupg	2.4.4-2ubuntu17.4	all
gnupg-l10n	2.4.4-2ubuntu17.4	all
gnupg-utils	2.4.4-2ubuntu17.4	amd64
google-chrome-stable	148.0.7778.167-1	amd64
gpg	2.4.4-2ubuntu17.4	amd64
gpg-agent	2.4.4-2ubuntu17.4	amd64
gpg-wks-client	2.4.4-2ubuntu17.4	amd64
gpgconf	2.4.4-2ubuntu17.4	amd64
gpgsm	2.4.4-2ubuntu17.4	amd64
gpgv	2.4.4-2ubuntu17.4	amd64
grep	3.11-4build1	amd64
groff-base	1.23.0-3build2	amd64
grub-common	2.12-1ubuntu7.3	amd64
grub-efi-amd64	2.12-1ubuntu7.3	amd64
grub-efi-amd64-bin	2.12-1ubuntu7.3	amd64
grub-efi-amd64-signed	1.202.5+2.12-1ubuntu7.3	amd64
grub2-common	2.12-1ubuntu7.3	amd64
gsettings-desktop-schemas	46.1-0ubuntu1	all
gsettings-ubuntu-schemas	0.0.7+21.10.20210712-0ubuntu3	all
gstreamer1.0-alsa:amd64	1.24.2-1ubuntu0.4	amd64
gstreamer1.0-gl:amd64	1.24.2-1ubuntu0.4	amd64
gstreamer1.0-libav:amd64	1.24.1-1build1	amd64
gstreamer1.0-libcamera:amd64	0.2.0-3fakesync1build6	amd64
gstreamer1.0-packagekit	1.2.8-2ubuntu1.5	amd64
gstreamer1.0-pipewire:amd64	1.0.5-1ubuntu3.2	amd64
gstreamer1.0-plugins-base-apps	1.24.2-1ubuntu0.4	amd64
gstreamer1.0-plugins-base:amd64	1.24.2-1ubuntu0.4	amd64
gstreamer1.0-plugins-good:amd64	1.24.2-1ubuntu1.4	amd64
gstreamer1.0-plugins-ugly:amd64	1.24.1-1build1	amd64
gstreamer1.0-tools	1.24.2-1ubuntu0.1	amd64
gstreamer1.0-vaapi:amd64	1.24.2-1	amd64
gstreamer1.0-x:amd64	1.24.2-1ubuntu0.4	amd64
gtk-update-icon-cache	3.24.41-4ubuntu1.3	amd64
gtk2-engines-murrine:amd64	0.98.2-4	amd64
gtk2-engines-pixbuf:amd64	2.24.33-4ubuntu1.1	amd64
gvfs-backends	1.54.4-0ubuntu1~24.04.2	amd64
gvfs-common	1.54.4-0ubuntu1~24.04.2	all
gvfs-daemons	1.54.4-0ubuntu1~24.04.2	amd64
gvfs-fuse	1.54.4-0ubuntu1~24.04.2	amd64
gvfs-libs:amd64	1.54.4-0ubuntu1~24.04.2	amd64
gvfs:amd64	1.54.4-0ubuntu1~24.04.2	amd64
gyp	0.1+20220404git9ecf45e-2	all
gzip	1.12-1ubuntu3.1	amd64
handlebars	3:4.7.7+~4.1.0-1	all
hdparm	9.65+ds-1build1	amd64
heif-gdk-pixbuf:amd64	1.17.6-1ubuntu4.2	amd64
heif-thumbnailer	1.17.6-1ubuntu4.2	amd64
hicolor-icon-theme	0.17-2	all
hostname	3.23+nmu2ubuntu2	amd64
hplip	3.23.12+dfsg0-0ubuntu5	amd64
hplip-data	3.23.12+dfsg0-0ubuntu5	all
htop	3.3.0-4build1	amd64
humanity-icon-theme	0.6.16	all
hunspell-en-us	1:2020.12.07-2	all
hwdata	0.379-1	all
i965-va-driver:amd64	2.4.1+dfsg1-1ubuntu0.1	amd64
ibus	1.5.29-2	amd64
ibus-data	1.5.29-2	all
ibus-gtk3:amd64	1.5.29-2	amd64
ibus-gtk4:amd64	1.5.29-2	amd64
ibus-gtk:amd64	1.5.29-2	amd64
ibus-table	1.17.4-2	all
ibus-table-cangjie-big	1.8.12-1	all
ibus-table-cangjie3	1.8.12-1	all
ibus-table-cangjie5	1.8.12-1	all
ibverbs-providers:amd64	50.0-2ubuntu0.2	amd64
ieee-data	20220827.1	all
iio-sensor-proxy	3.5-1build2	amd64
im-config	0.57-2	all
inetutils-telnet	2:2.5-3ubuntu4.1	amd64
info	7.1-3build2	amd64
init	1.66ubuntu1	amd64
init-system-helpers	1.66ubuntu1	all
initramfs-tools	0.142ubuntu25.8	all
initramfs-tools-bin	0.142ubuntu25.8	amd64
initramfs-tools-core	0.142ubuntu25.8	all
inputattach	1:1.8.1-2build1	amd64
install-info	7.1-3build2	amd64
intel-media-va-driver:amd64	24.1.0+dfsg1-1ubuntu0.2	amd64
intel-microcode	3.20260210.0ubuntu0.24.04.1	amd64
iperf3	3.16-1build2	amd64
ipp-usb	0.9.24-0ubuntu3.3	amd64
iproute2	6.1.0-1ubuntu6.2	amd64
iptables	1.8.10-3ubuntu2	amd64
iputils-ping	3:20240117-1ubuntu0.1	amd64
iputils-tracepath	3:20240117-1ubuntu0.1	amd64
iso-codes	4.16.0-1	all
iucode-tool	2.3.1-3build1	amd64
java-common	0.75+exp1	all
javascript-common	11+nmu1	all
jq	1.7.1-3ubuntu0.24.04.2	amd64
kbd	2.6.4-2ubuntu2	amd64
kerneloops	0.12+git20140509-6ubuntu8	amd64
keyboard-configuration	1.226ubuntu1	all
keyboxd	2.4.4-2ubuntu17.4	amd64
klibc-utils	2.0.13-4ubuntu0.2	amd64
kmod	31+20240202-2ubuntu7.2	amd64
krb5-locales	1.20.1-6ubuntu2.6	all
kwayland-data	4:5.115.0-0ubuntu5	all
kwayland-integration:amd64	4:5.27.11-0ubuntu3	amd64
language-pack-en	1:24.04+20260127	all
language-pack-en-base	1:24.04+20260127	all
language-pack-gnome-en	1:24.04+20260127	all
language-pack-gnome-en-base	1:24.04+20260127	all
language-selector-common	0.225	all
language-selector-gnome	0.225	all
laptop-detect	0.16	all
ldap-utils	2.6.10+dfsg-0ubuntu0.24.04.1	amd64
less	590-2ubuntu2.1	amd64
liba52-0.7.4:amd64	0.7.4-20build1	amd64
libaa1:amd64	1.4p5-51.1	amd64
libaacs0:amd64	0.11.1-2build1	amd64
libabsl20220623t64:amd64	20220623.1-3.1ubuntu3.2	amd64
libaccountsservice0:amd64	23.13.9-2ubuntu6	amd64
libacl1:amd64	2.3.2-1build1.1	amd64
libadwaita-1-0:amd64	1.5.0-1ubuntu2	amd64
libalgorithm-diff-perl	1.201-1	all
libalgorithm-diff-xs-perl:amd64	0.04-8build3	amd64
libalgorithm-merge-perl	0.08-5	all
libao-common	1.2.2+20180113-1.1ubuntu4	all
libao4:amd64	1.2.2+20180113-1.1ubuntu4	amd64
libaom3:amd64	3.8.2-2ubuntu0.1	amd64
libapparmor1:amd64	4.0.1really4.0.1-0ubuntu0.24.04.5	amd64
libappstream5:amd64	1.0.2-1build6	amd64
libapt-pkg6.0t64:amd64	2.8.3	amd64
libarchive13t64:amd64	3.7.2-2ubuntu0.7	amd64
libargon2-1:amd64	0~20190702+dfsg-4build1	amd64
libaribb24-0t64:amd64	1.0.3-2.1build2	amd64
libasan8:amd64	14.2.0-4ubuntu2~24.04.1	amd64
libasound2-data	1.2.11-1ubuntu0.2	all
libasound2t64:amd64	1.2.11-1ubuntu0.2	amd64
libaspell15:amd64	0.60.8.1-1build1	amd64
libass9:amd64	1:0.17.1-2build1	amd64
libassuan0:amd64	2.5.6-1build1	amd64
libasyncns0:amd64	0.8-6build4	amd64
libatasmart4:amd64	0.19-5build3	amd64
libatk-adaptor:amd64	2.52.0-1build1	amd64
libatk-bridge2.0-0t64:amd64	2.52.0-1build1	amd64
libatk-wrapper-java	0.40.0-3build2	all
libatk-wrapper-java-jni:amd64	0.40.0-3build2	amd64
libatk1.0-0t64:amd64	2.52.0-1build1	amd64
libatkmm-1.6-1v5:amd64	2.28.4-1build4	amd64
libatm1t64:amd64	1:2.5.1-5.1build1	amd64
libatomic1:amd64	14.2.0-4ubuntu2~24.04.1	amd64
libatopology2t64:amd64	1.2.11-1ubuntu0.2	amd64
libatspi2.0-0t64:amd64	2.52.0-1build1	amd64
libattr1:amd64	1:2.5.2-1build1.1	amd64
libaudit-common	1:3.1.2-2.1build1.1	all
libaudit1:amd64	1:3.1.2-2.1build1.1	amd64
libauthen-sasl-perl	2.1700-1	all
libavahi-client3:amd64	0.8-13ubuntu6.2	amd64
libavahi-common-data:amd64	0.8-13ubuntu6.2	amd64
libavahi-common3:amd64	0.8-13ubuntu6.2	amd64
libavahi-core7:amd64	0.8-13ubuntu6.2	amd64
libavahi-glib1:amd64	0.8-13ubuntu6.2	amd64
libavc1394-0:amd64	0.5.4-5build3	amd64
libavcodec60:amd64	7:6.1.1-3ubuntu5	amd64
libavdevice60:amd64	7:6.1.1-3ubuntu5	amd64
libavfilter9:amd64	7:6.1.1-3ubuntu5	amd64
libavformat60:amd64	7:6.1.1-3ubuntu5	amd64
libavutil58:amd64	7:6.1.1-3ubuntu5	amd64
libayatana-appindicator3-1	0.5.93-1build3	amd64
libayatana-ido3-0.4-0:amd64	0.10.1-1build2	amd64
libayatana-indicator3-7:amd64	0.9.4-1build1	amd64
libb2-1:amd64	0.98.1-1.1build1	amd64
libbabeltrace1:amd64	1.5.11-3build3	amd64
libbasicobjects0t64:amd64	0.6.2-2.1build1	amd64
libbdplus0:amd64	0.2.0-3build1	amd64
libbinutils:amd64	2.42-4ubuntu2.10	amd64
libblas3:amd64	3.12.0-3build1.1	amd64
libblkid1:amd64	2.39.3-9ubuntu6.5	amd64
libblockdev-crypto3:amd64	3.1.1-1ubuntu0.1	amd64
libblockdev-fs3:amd64	3.1.1-1ubuntu0.1	amd64
libblockdev-loop3:amd64	3.1.1-1ubuntu0.1	amd64
libblockdev-mdraid3:amd64	3.1.1-1ubuntu0.1	amd64
libblockdev-nvme3:amd64	3.1.1-1ubuntu0.1	amd64
libblockdev-part3:amd64	3.1.1-1ubuntu0.1	amd64
libblockdev-swap3:amd64	3.1.1-1ubuntu0.1	amd64
libblockdev-utils3:amd64	3.1.1-1ubuntu0.1	amd64
libblockdev3:amd64	3.1.1-1ubuntu0.1	amd64
libbluetooth3:amd64	5.72-0ubuntu5.5	amd64
libbluray2:amd64	1:1.3.4-1build1	amd64
libboost-iostreams1.83.0:amd64	1.83.0-2.1ubuntu3.2	amd64
libboost-locale1.83.0:amd64	1.83.0-2.1ubuntu3.2	amd64
libboost-thread1.83.0:amd64	1.83.0-2.1ubuntu3.2	amd64
libbpf1:amd64	1:1.3.0-2build2	amd64
libbpfcc:amd64	0.29.1+ds-1ubuntu7	amd64
libbrlapi0.8:amd64	6.6-4ubuntu5	amd64
libbrotli1:amd64	1.1.0-2build2	amd64
libbs2b0:amd64	3.1.0+dfsg-7build1	amd64
libbsd0:amd64	0.12.1-1build1.1	amd64
libbytesize-common	2.10-1ubuntu2	all
libbytesize1:amd64	2.10-1ubuntu2	amd64
libbz2-1.0:amd64	1.0.8-5.1build0.1	amd64
libc-bin	2.39-0ubuntu8.7	amd64
libc-dev-bin	2.39-0ubuntu8.7	amd64
libc-devtools	2.39-0ubuntu8.7	amd64
libc6-dbg:amd64	2.39-0ubuntu8.7	amd64
libc6-dev:amd64	2.39-0ubuntu8.7	amd64
libc6:amd64	2.39-0ubuntu8.7	amd64
libcaca0:amd64	0.99.beta20-4ubuntu0.2	amd64
libcairo-gobject-perl	1.005-4build3	amd64
libcairo-gobject2:amd64	1.18.0-3build1	amd64
libcairo-perl	1.109-4build1	amd64
libcairo-script-interpreter2:amd64	1.18.0-3build1	amd64
libcairo2:amd64	1.18.0-3build1	amd64
libcairomm-1.0-1v5:amd64	1.14.5-1build1	amd64
libcairomm-1.16-1:amd64	1.18.0-1build1	amd64
libcamel-1.2-64t64:amd64	3.52.3-0ubuntu1.2	amd64
libcamera0.2:amd64	0.2.0-3fakesync1build6	amd64
libcanberra-gtk3-0t64:amd64	0.30-10ubuntu10	amd64
libcanberra-gtk3-module:amd64	0.30-10ubuntu10	amd64
libcanberra-pulse:amd64	0.30-10ubuntu10	amd64
libcanberra0t64:amd64	0.30-10ubuntu10	amd64
libcap-ng0:amd64	0.8.4-2build2	amd64
libcap2-bin	1:2.66-5ubuntu2.4	amd64
libcap2:amd64	1:2.66-5ubuntu2.4	amd64
libcares2:amd64	1.27.0-1.0ubuntu1	amd64
libcbor0.10:amd64	0.10.2-1.2ubuntu2	amd64
libcc1-0:amd64	14.2.0-4ubuntu2~24.04.1	amd64
libcddb2	1.3.2-7fakesync1build1	amd64
libcdio-cdda2t64:amd64	10.2+2.0.1-1.1build2	amd64
libcdio-paranoia2t64:amd64	10.2+2.0.1-1.1build2	amd64
libcdio19t64:amd64	2.1.0-4.1ubuntu1.2	amd64
libcdparanoia0:amd64	3.10.2+debian-14build3	amd64
libchewing3-data	0.6.0-1build1	all
libchewing3:amd64	0.6.0-1build1	amd64
libchromaprint1:amd64	1.5.1-5	amd64
libcjson1:amd64	1.7.17-1	amd64
libclang-cpp18	1:18.1.3-1ubuntu1	amd64
libclang1-18	1:18.1.3-1ubuntu1	amd64
libclone-perl:amd64	0.46-1build3	amd64
libcodec2-1.2:amd64	1.2.0-2build1	amd64
libcollection4t64:amd64	0.6.2-2.1build1	amd64
libcolord-gtk4-1t64:amd64	0.3.1-1build2	amd64
libcolord2:amd64	1.4.7-1build2	amd64
libcolorhug2:amd64	1.4.7-1build2	amd64
libcom-err2:amd64	1.47.0-2.4~exp1ubuntu4.1	amd64
libcrack2:amd64	2.9.6-5.1build2	amd64
libcrypt-dev:amd64	1:4.4.36-4build1	amd64
libcrypt1:amd64	1:4.4.36-4build1	amd64
libcryptsetup12:amd64	2:2.7.0-1ubuntu4.2	amd64
libctf-nobfd0:amd64	2.42-4ubuntu2.10	amd64
libctf0:amd64	2.42-4ubuntu2.10	amd64
libcublas-13-0	13.1.1.3-1	amd64
libcublas-dev-13-0	13.1.1.3-1	amd64
libcue2:amd64	2.2.1-4.1build1	amd64
libcufft-13-0	12.0.0.61-1	amd64
libcufft-dev-13-0	12.0.0.61-1	amd64
libcufile-13-0	1.15.1.6-1	amd64
libcufile-dev-13-0	1.15.1.6-1	amd64
libcups2t64:amd64	2.4.7-1.2ubuntu7.9	amd64
libcupsfilters2-common	2.0.0-0ubuntu7.2	all
libcupsfilters2t64:amd64	2.0.0-0ubuntu7.2	amd64
libcupsimage2t64:amd64	2.4.7-1.2ubuntu7.9	amd64
libcurand-13-0	10.4.0.35-1	amd64
libcurand-dev-13-0	10.4.0.35-1	amd64
libcurl3t64-gnutls:amd64	8.5.0-2ubuntu10.9	amd64
libcurl4t64:amd64	8.5.0-2ubuntu10.9	amd64
libcusolver-13-0	12.0.4.66-1	amd64
libcusolver-dev-13-0	12.0.4.66-1	amd64
libcusparse-13-0	12.6.3.3-1	amd64
libcusparse-dev-13-0	12.6.3.3-1	amd64
libdaemon0:amd64	0.14-7.1ubuntu4	amd64
libdata-dump-perl	1.25-1	all
libdatrie1:amd64	0.2.13-3build1	amd64
libdav1d7:amd64	1.4.1-1build1	amd64
libdb5.3t64:amd64	5.3.28+dfsg2-7	amd64
libdbus-1-3:amd64	1.14.10-4ubuntu4.1	amd64
libdbus-glib-1-2:amd64	0.112-3build2	amd64
libdbusmenu-glib4:amd64	18.10.20180917~bzr492+repack1-3.1ubuntu5	amd64
libdbusmenu-gtk3-4:amd64	18.10.20180917~bzr492+repack1-3.1ubuntu5	amd64
libdbusmenu-qt5-2:amd64	0.9.3+16.04.20160218-2build3	amd64
libdc1394-25:amd64	2.2.6-4build1	amd64
libdca0:amd64	0.0.7-2build1	amd64
libdconf1:amd64	0.40.0-4ubuntu0.1	amd64
libde265-0:amd64	1.0.15-1build3	amd64
libdebconfclient0:amd64	0.271ubuntu3	amd64
libdebuginfod-common	0.190-1.1ubuntu0.1	all
libdebuginfod1t64:amd64	0.190-1.1ubuntu0.1	amd64
libdecor-0-0:amd64	0.2.2-1build2	amd64
libdecor-0-plugin-1-gtk:amd64	0.2.2-1build2	amd64
libdee-1.0-4:amd64	1.2.7+17.10.20170616-7build5	amd64
libdeflate0:amd64	1.19-1build1.1	amd64
libdevmapper1.02.1:amd64	2:1.02.185-3ubuntu3.2	amd64
libdhash1t64:amd64	0.6.2-2.1build1	amd64
libdjvulibre-text	3.5.28-2ubuntu0.24.04.2	all
libdjvulibre21:amd64	3.5.28-2ubuntu0.24.04.2	amd64
libdotconf0:amd64	1.3-0.3fakesync1build3	amd64
libdouble-conversion3:amd64	3.3.0-1build1	amd64
libdpkg-perl	1.22.6ubuntu6.6	all
libdrm-amdgpu1:amd64	2.4.125-1ubuntu0.1~24.04.1	amd64
libdrm-common	2.4.125-1ubuntu0.1~24.04.1	all
libdrm-intel1:amd64	2.4.125-1ubuntu0.1~24.04.1	amd64
libdrm-nouveau2:amd64	2.4.125-1ubuntu0.1~24.04.1	amd64
libdrm-radeon1:amd64	2.4.125-1ubuntu0.1~24.04.1	amd64
libdrm2:amd64	2.4.125-1ubuntu0.1~24.04.1	amd64
libduktape207:amd64	2.7.0+tests-0ubuntu3	amd64
libdv4t64:amd64	1.0.0-17.1build1	amd64
libdvbpsi10:amd64	1.3.3-1build1	amd64
libdvdnav4:amd64	6.1.1-3build1	amd64
libdvdread8t64:amd64	6.1.3-1.1build1	amd64
libdw1t64:amd64	0.190-1.1ubuntu0.1	amd64
libeatmydata1:amd64	131-1ubuntu1	amd64
libebackend-1.2-11t64:amd64	3.52.3-0ubuntu1.2	amd64
libebml5:amd64	1.4.5-1	amd64
libebook-1.2-21t64:amd64	3.52.3-0ubuntu1.2	amd64
libebook-contacts-1.2-4t64:amd64	3.52.3-0ubuntu1.2	amd64
libecal-2.0-3:amd64	3.52.3-0ubuntu1.2	amd64
libedata-book-1.2-27t64:amd64	3.52.3-0ubuntu1.2	amd64
libedata-cal-2.0-2t64:amd64	3.52.3-0ubuntu1.2	amd64
libedataserver-1.2-27t64:amd64	3.52.3-0ubuntu1.2	amd64
libedataserverui-1.2-4t64:amd64	3.52.3-0ubuntu1.2	amd64
libedit2:amd64	3.1-20230828-1build1	amd64
libeditorconfig0:amd64	0.12.7-0.1ubuntu0.1	amd64
libefiboot1t64:amd64	38-3.1build1	amd64
libefivar1t64:amd64	38-3.1build1	amd64
libegl-mesa0:amd64	25.2.8-0ubuntu0.24.04.1	amd64
libegl1:amd64	1.7.0-1build1	amd64
libei1:amd64	1.2.1-1	amd64
libeis1:amd64	1.2.1-1	amd64
libelf1t64:amd64	0.190-1.1ubuntu0.1	amd64
libenchant-2-2:amd64	2.3.3-2build2	amd64
libencode-locale-perl	1.05-3	all
libepoxy0:amd64	1.5.10-1build1	amd64
liberror-perl	0.17029-2	all
libespeak-ng1:amd64	1.51+dfsg-12build1	amd64
libestr0:amd64	0.1.11-1build1	amd64
libevdev2:amd64	1.13.1+dfsg-1build1	amd64
libevdocument3-4t64:amd64	46.3.1-0ubuntu1.1	amd64
libevview3-3t64:amd64	46.3.1-0ubuntu1.1	amd64
libexempi8:amd64	2.6.5-1build1	amd64
libexif12:amd64	0.6.24-1build2	amd64
libexiv2-27:amd64	0.27.6-1ubuntu0.3	amd64
libexpat1-dev:amd64	2.6.1-2ubuntu0.4	amd64
libexpat1:amd64	2.6.1-2ubuntu0.4	amd64
libext2fs2t64:amd64	1.47.0-2.4~exp1ubuntu4.1	amd64
libextutils-depends-perl	0.8001-2	all
libfaad2:amd64	2.11.1-1build1	amd64
libfakeroot:amd64	1.33-1	amd64
libfastjson4:amd64	1.2304.0-1build1	amd64
libfcitx5-qt-data	5.1.4-1build5	all
libfcitx5-qt1:amd64	5.1.4-1build5	amd64
libfcitx5-qt6-1:amd64	5.1.4-1build5	amd64
libfcitx5config6:amd64	5.1.7-1build3	amd64
libfcitx5core7:amd64	5.1.7-1build3	amd64
libfcitx5gclient2:amd64	5.1.1-1build2	amd64
libfcitx5utils2:amd64	5.1.7-1build3	amd64
libfdisk1:amd64	2.39.3-9ubuntu6.5	amd64
libffi8:amd64	3.4.6-1build1	amd64
libfftw3-double3:amd64	3.3.10-1ubuntu3	amd64
libfftw3-single3:amd64	3.3.10-1ubuntu3	amd64
libfido2-1:amd64	1.14.0-1build3	amd64
libfile-basedir-perl	0.09-2	all
libfile-desktopentry-perl	0.22-3	all
libfile-fcntllock-perl	0.22-4ubuntu5	amd64
libfile-listing-perl	6.16-1	all
libfile-mimeinfo-perl	0.34-1	all
libflac12t64:amd64	1.4.3+ds-2.1ubuntu2	amd64
libflashrom1:amd64	1.3.0-2.1ubuntu2	amd64
libflite1:amd64	2.2-6build3	amd64
libfont-afm-perl	1.20-4	all
libfontconfig1:amd64	2.15.0-1.1ubuntu2	amd64
libfontenc1:amd64	1:1.1.8-1build1	amd64
libfprint-2-2	1:1.94.7+tod1-0ubuntu5~24.04.6	amd64
libfprint-2-tod1:amd64	1:1.94.7+tod1-0ubuntu5~24.04.6	amd64
libfreeaptx0:amd64	0.1.1-2build1	amd64
libfreerdp-server3-3:amd64	3.5.1+dfsg1-0ubuntu1.5	amd64
libfreerdp3-3:amd64	3.5.1+dfsg1-0ubuntu1.5	amd64
libfreetype6:amd64	2.13.2+dfsg-1ubuntu0.1	amd64
libfribidi0:amd64	1.0.13-3build1	amd64
libftdi1-2:amd64	1.5-6build5	amd64
libfuse3-3:amd64	3.14.0-5build1	amd64
libfwupd2:amd64	1.9.33-0ubuntu1~24.04.1ubuntu1	amd64
libgail-common:amd64	2.24.33-4ubuntu1.1	amd64
libgail18t64:amd64	2.24.33-4ubuntu1.1	amd64
libgamemode0:amd64	1.8.1-2build1	amd64
libgamemodeauto0:amd64	1.8.1-2build1	amd64
libgbm1:amd64	25.2.8-0ubuntu0.24.04.1	amd64
libgcc-13-dev:amd64	13.3.0-6ubuntu2~24.04.1	amd64
libgcc-s1:amd64	14.2.0-4ubuntu2~24.04.1	amd64
libgck-1-0:amd64	3.41.2-1build3	amd64
libgck-2-2:amd64	4.2.0-5	amd64
libgcr-4-4:amd64	4.2.0-5	amd64
libgcr-base-3-1:amd64	3.41.2-1build3	amd64
libgcr-ui-3-1:amd64	3.41.2-1build3	amd64
libgcrypt20:amd64	1.10.3-2ubuntu0.1	amd64
libgd3:amd64	2.3.3-9ubuntu5	amd64
libgdata-common	0.18.1-6build2	all
libgdata22:amd64	0.18.1-6build2	amd64
libgdbm-compat4t64:amd64	1.23-5.1build1	amd64
libgdbm6t64:amd64	1.23-5.1build1	amd64
libgdk-pixbuf-2.0-0:amd64	2.42.10+dfsg-3ubuntu3.3	amd64
libgdk-pixbuf2.0-bin	2.42.10+dfsg-3ubuntu3.3	amd64
libgdk-pixbuf2.0-common	2.42.10+dfsg-3ubuntu3.3	all
libgdm1	46.2-1ubuntu1~24.04.7	amd64
libgee-0.8-2:amd64	0.20.6-1build2	amd64
libgeoclue-2-0:amd64	2.7.0-3ubuntu7	amd64
libgeocode-glib-2-0:amd64	3.26.3-6build3	amd64
libgexiv2-2:amd64	0.14.2-2build3	amd64
libgflags2.2	2.2.2-2build1	amd64
libgfortran5:amd64	14.2.0-4ubuntu2~24.04.1	amd64
libgif7:amd64	5.2.2-1ubuntu1	amd64
libgirepository-1.0-1:amd64	1.80.1-1	amd64
libgjs0g:amd64	1.80.2-1build2	amd64
libgl1-mesa-dri:amd64	25.2.8-0ubuntu0.24.04.1	amd64
libgl1:amd64	1.7.0-1build1	amd64
libgles2:amd64	1.7.0-1build1	amd64
libglib-object-introspection-perl	0.051-1build3	amd64
libglib-perl:amd64	3:1.329.3-3build3	amd64
libglib2.0-0t64:amd64	2.80.0-6ubuntu3.8	amd64
libglib2.0-bin	2.80.0-6ubuntu3.8	amd64
libglib2.0-data	2.80.0-6ubuntu3.8	all
libglibmm-2.4-1t64:amd64	2.66.7-1build1	amd64
libglibmm-2.68-1t64:amd64	2.78.1-2.2build2	amd64
libglu1-mesa:amd64	9.0.2-1.1build1	amd64
libglvnd0:amd64	1.7.0-1build1	amd64
libglx-mesa0:amd64	25.2.8-0ubuntu0.24.04.1	amd64
libglx0:amd64	1.7.0-1build1	amd64
libgme0:amd64	0.6.3-7build1	amd64
libgmp10:amd64	2:6.3.0+dfsg-2ubuntu6.1	amd64
libgnome-autoar-0-0:amd64	0.4.4-2build4	amd64
libgnome-bg-4-2t64:amd64	44.0-5build2	amd64
libgnome-bluetooth-3.0-13:amd64	46.0-1ubuntu1	amd64
libgnome-bluetooth-ui-3.0-13:amd64	46.0-1ubuntu1	amd64
libgnome-desktop-3-20t64:amd64	44.0-5build2	amd64
libgnome-desktop-4-2t64:amd64	44.0-5build2	amd64
libgnome-menu-3-0:amd64	3.36.0-1.1ubuntu3	amd64
libgnome-rr-4-2t64:amd64	44.0-5build2	amd64
libgnomekbd-common	3.28.1-1build3	all
libgnomekbd8:amd64	3.28.1-1build3	amd64
libgnutls30t64:amd64	3.8.3-1.1ubuntu3.6	amd64
libgoa-1.0-0b:amd64	3.50.4-0ubuntu2	amd64
libgoa-1.0-common	3.50.4-0ubuntu2	all
libgoa-backend-1.0-2:amd64	3.50.4-0ubuntu2	amd64
libgomp1:amd64	14.2.0-4ubuntu2~24.04.1	amd64
libgoogle-glog0v6t64	0.6.0-2.1build1	amd64
libgpg-error-l10n	1.47-3build2.1	all
libgpg-error0:amd64	1.47-3build2.1	amd64
libgpgme11t64:amd64	1.18.0-4.1ubuntu4	amd64
libgphoto2-6t64:amd64	2.5.31-2.1ubuntu1	amd64
libgphoto2-l10n	2.5.31-2.1ubuntu1	all
libgphoto2-port12t64:amd64	2.5.31-2.1ubuntu1	amd64
libgpm2:amd64	1.20.7-11	amd64
libgprofng0:amd64	2.42-4ubuntu2.10	amd64
libgraphene-1.0-0:amd64	1.10.8-3build2	amd64
libgraphite2-3:amd64	1.3.14-2build1	amd64
libgs-common	10.02.1~dfsg1-0ubuntu7.8	all
libgs10-common	10.02.1~dfsg1-0ubuntu7.8	all
libgs10:amd64	10.02.1~dfsg1-0ubuntu7.8	amd64
libgsf-1-114:amd64	1.14.51-2ubuntu0.1	amd64
libgsf-1-common	1.14.51-2ubuntu0.1	all
libgsm1:amd64	1.0.22-1build1	amd64
libgsound0t64:amd64	1.0.3-3.2build2	amd64
libgspell-1-2:amd64	1.12.2-1build4	amd64
libgspell-1-common	1.12.2-1build4	all
libgssapi-krb5-2:amd64	1.20.1-6ubuntu2.6	amd64
libgssdp-1.6-0:amd64	1.6.3-1build3	amd64
libgstreamer-gl1.0-0:amd64	1.24.2-1ubuntu0.4	amd64
libgstreamer-plugins-bad1.0-0:amd64	1.24.2-1ubuntu4	amd64
libgstreamer-plugins-base1.0-0:amd64	1.24.2-1ubuntu0.4	amd64
libgstreamer-plugins-good1.0-0:amd64	1.24.2-1ubuntu1.4	amd64
libgstreamer1.0-0:amd64	1.24.2-1ubuntu0.1	amd64
libgtk-3-0t64:amd64	3.24.41-4ubuntu1.3	amd64
libgtk-3-bin	3.24.41-4ubuntu1.3	amd64
libgtk-3-common	3.24.41-4ubuntu1.3	all
libgtk-4-1:amd64	4.14.5+ds-0ubuntu0.9	amd64
libgtk-4-bin	4.14.5+ds-0ubuntu0.9	amd64
libgtk-4-common	4.14.5+ds-0ubuntu0.9	all
libgtk-4-media-gstreamer	4.14.5+ds-0ubuntu0.9	amd64
libgtk2.0-0t64:amd64	2.24.33-4ubuntu1.1	amd64
libgtk2.0-bin	2.24.33-4ubuntu1.1	amd64
libgtk2.0-common	2.24.33-4ubuntu1.1	all
libgtk3-perl	0.038-3	all
libgtkmm-3.0-1t64:amd64	3.24.9-1	amd64
libgtkmm-4.0-0:amd64	4.10.0-4build3	amd64
libgtksourceview-5-0:amd64	5.12.0-1build1	amd64
libgtksourceview-5-common	5.12.0-1build1	all
libgtop-2.0-11:amd64	2.41.3-1ubuntu0.24.04.1	amd64
libgtop2-common	2.41.3-1ubuntu0.24.04.1	all
libgudev-1.0-0:amd64	1:238-5ubuntu1	amd64
libgupnp-1.6-0:amd64	1.6.6-1build3	amd64
libgupnp-av-1.0-3:amd64	0.14.1-2build2	amd64
libgupnp-dlna-2.0-4:amd64	0.12.0-4build2	amd64
libgupnp-igd-1.6-0:amd64	1.6.0-3build3	amd64
libgusb2:amd64	0.4.8-1build2	amd64
libgweather-4-0t64:amd64	4.4.2-1build1	amd64
libgweather-4-common	4.4.2-1build1	all
libgxps2t64:amd64	0.3.2-4build3	amd64
libhandy-1-0:amd64	1.8.3-1build2	amd64
libharfbuzz-gobject0:amd64	8.3.0-2build2	amd64
libharfbuzz-icu0:amd64	8.3.0-2build2	amd64
libharfbuzz0b:amd64	8.3.0-2build2	amd64
libheif-plugin-aomdec:amd64	1.17.6-1ubuntu4.2	amd64
libheif-plugin-aomenc:amd64	1.17.6-1ubuntu4.2	amd64
libheif-plugin-libde265:amd64	1.17.6-1ubuntu4.2	amd64
libheif1:amd64	1.17.6-1ubuntu4.2	amd64
libhogweed6t64:amd64	3.9.1-2.2build1.1	amd64
libhpmud0:amd64	3.23.12+dfsg0-0ubuntu5	amd64
libhtml-form-perl	6.11-1	all
libhtml-format-perl	2.16-2	all
libhtml-parser-perl:amd64	3.81-1build3	amd64
libhtml-tagset-perl	3.20-6	all
libhtml-tree-perl	5.07-3	all
libhttp-cookies-perl	6.11-1	all
libhttp-daemon-perl	6.16-1	all
libhttp-date-perl	6.06-1	all
libhttp-message-perl	6.45-1ubuntu1	all
libhttp-negotiate-perl	6.01-2	all
libhunspell-1.7-0:amd64	1.7.2+really1.7.2-10build3	amd64
libhwasan0:amd64	14.2.0-4ubuntu2~24.04.1	amd64
libhwy1t64:amd64	1.0.7-8.1build1	amd64
libhyphen0:amd64	2.8.8-7build3	amd64
libibus-1.0-5:amd64	1.5.29-2	amd64
libibverbs1:amd64	50.0-2ubuntu0.2	amd64
libical3t64:amd64	3.0.17-1.1build3	amd64
libice6:amd64	2:1.0.10-1build3	amd64
libicu70:amd64	70.1-2	amd64
libicu74:amd64	74.2-1ubuntu3.1	amd64
libidn12:amd64	1.42-1build1	amd64
libidn2-0:amd64	2.3.7-2build1.1	amd64
libiec61883-0:amd64	1.2.0-6build1	amd64
libieee1284-3t64:amd64	0.2.11-14.1build1	amd64
libigdgmm12:amd64	22.3.17+ds1-1ubuntu1	amd64
libijs-0.35:amd64	0.35-15.1build1	amd64
libimagequant0:amd64	2.18.0-1build1	amd64
libime-bin	1.1.5-1	amd64
libime-data	1.1.5-1	all
libime-data-language-model:amd64	1.1.5-1	amd64
libimecore0:amd64	1.1.5-1	amd64
libimepinyin0:amd64	1.1.5-1	amd64
libimetable0:amd64	1.1.5-1	amd64
libimobiledevice6:amd64	1.3.0-8.1build3	amd64
libini-config5t64:amd64	0.6.2-2.1build1	amd64
libinih1:amd64	55-1ubuntu2	amd64
libinput-bin	1.25.0-1ubuntu3.3	amd64
libinput10:amd64	1.25.0-1ubuntu3.3	amd64
libio-html-perl	1.004-3	all
libio-socket-ssl-perl	2.085-1	all
libio-stringy-perl	2.111-3	all
libip4tc2:amd64	1.8.10-3ubuntu2	amd64
libip6tc2:amd64	1.8.10-3ubuntu2	amd64
libipa-hbac0t64	2.9.4-1.1ubuntu6.5	amd64
libipc-system-simple-perl	1.30-2	all
libiperf0:amd64	3.16-1build2	amd64
libipt2	2.0.6-1build1	amd64
libisl23:amd64	0.26-3build1.1	amd64
libitm1:amd64	14.2.0-4ubuntu2~24.04.1	amd64
libiw30t64:amd64	30~pre9-16.1ubuntu2	amd64
libixml11t64:amd64	1:1.14.18-1.1ubuntu2	amd64
libjack-jackd2-0:amd64	1.9.21~dfsg-3ubuntu3	amd64
libjansson4:amd64	2.14-2build2	amd64
libjavascriptcoregtk-4.0-18:amd64	2.36.0-2ubuntu1	amd64
libjavascriptcoregtk-4.1-0:amd64	2.52.3-0ubuntu0.24.04.1	amd64
libjavascriptcoregtk-6.0-1:amd64	2.52.3-0ubuntu0.24.04.1	amd64
libjbig0:amd64	2.1-6.1ubuntu2	amd64
libjbig2dec0:amd64	0.20-1build3	amd64
libjcat1:amd64	0.2.0-2build3	amd64
libjpeg-turbo8:amd64	2.1.5-2ubuntu2	amd64
libjpeg8:amd64	8c-2ubuntu11	amd64
libjq1:amd64	1.7.1-3ubuntu0.24.04.2	amd64
libjs-async	0.8.0-6	all
libjs-bootstrap4	4.6.1+dfsg1-4+deb12u1build0.24.04.1	all
libjs-events	3.3.0+~3.0.0-3	all
libjs-inherits	2.0.4-6	all
libjs-is-typedarray	1.0.0-4	all
libjs-jquery	3.6.1+dfsg+~3.5.14-1	all
libjs-popper.js	1.16.1+ds-6	all
libjs-prettify	2015.12.04+dfsg-1.1	all
libjs-regenerate	1.4.2-3	all
libjs-sizzle	2.3.10+ds+~2.3.6-1	all
libjs-source-map	0.7.0++dfsg2+really.0.6.1-15	all
libjs-sphinxdoc	7.2.6-6	all
libjs-sprintf-js	1.1.2+ds1+~1.1.2-1	all
libjs-typedarray-to-buffer	4.0.0-2	all
libjs-underscore	1.13.4~dfsg+~1.11.4-3	all
libjs-util	0.12.5+~1.0.10-1	all
libjson-c5:amd64	0.17-1build1	amd64
libjson-glib-1.0-0:amd64	1.8.0-2build2	amd64
libjson-glib-1.0-common	1.8.0-2build2	all
libjxl0.7:amd64	0.7.0-10.2ubuntu6.1	amd64
libk5crypto3:amd64	1.20.1-6ubuntu2.6	amd64
libkate1:amd64	0.4.1-11build2	amd64
libkeyutils1:amd64	1.6.3-3build1	amd64
libkf5config-bin	5.115.0-0ubuntu5	amd64
libkf5config-data	5.115.0-0ubuntu5	all
libkf5configcore5:amd64	5.115.0-0ubuntu5	amd64
libkf5coreaddons-data	5.115.0-0ubuntu5	all
libkf5coreaddons5:amd64	5.115.0-0ubuntu5	amd64
libkf5itemviews-data	5.115.0-0ubuntu5	all
libkf5itemviews5:amd64	5.115.0-0ubuntu5	amd64
libkf5notifications-data	5.115.0-0ubuntu6	all
libkf5notifications5:amd64	5.115.0-0ubuntu6	amd64
libkf5waylandclient5:amd64	4:5.115.0-0ubuntu5	amd64
libkf5widgetsaddons-data	5.115.0-0ubuntu4	all
libkf5widgetsaddons5:amd64	5.115.0-0ubuntu4	amd64
libkf5windowsystem-data	5.115.0-0ubuntu4	all
libkf5windowsystem5:amd64	5.115.0-0ubuntu4	amd64
libklibc:amd64	2.0.13-4ubuntu0.2	amd64
libkmod2:amd64	31+20240202-2ubuntu7.2	amd64
libkpathsea6:amd64	2023.20230311.66589-9build3	amd64
libkrb5-3:amd64	1.20.1-6ubuntu2.6	amd64
libkrb5support0:amd64	1.20.1-6ubuntu2.6	amd64
libksba8:amd64	1.6.6-1build1	amd64
liblapack3:amd64	3.12.0-3build1.1	amd64
liblc3-1:amd64	1.0.4-3build1	amd64
liblcms2-2:amd64	2.14-2ubuntu0.1	amd64
liblcms2-utils	2.14-2ubuntu0.1	amd64
libldacbt-abr2:amd64	2.0.2.3+git20200429+ed310a0-4ubuntu2	amd64
libldacbt-enc2:amd64	2.0.2.3+git20200429+ed310a0-4ubuntu2	amd64
libldap-common	2.6.10+dfsg-0ubuntu0.24.04.1	all
libldap2:amd64	2.6.10+dfsg-0ubuntu0.24.04.1	amd64
libldb2:amd64	2:2.8.0+samba4.19.5+dfsg-4ubuntu9.6	amd64
liblerc4:amd64	4.0.0+ds-4ubuntu2	amd64
libleveldb1d:amd64	1.23-5build1	amd64
liblilv-0-0:amd64	0.24.22-1build1	amd64
liblinear4:amd64	2.3.0+dfsg-5build1	amd64
liblirc-client0t64:amd64	0.10.2-0.8build1	amd64
libllvm18:amd64	1:18.1.3-1ubuntu1	amd64
libllvm20:amd64	1:20.1.2-0ubuntu1~24.04.2	amd64
liblmdb0:amd64	0.9.31-1build1	amd64
liblocale-gettext-perl	1.07-6ubuntu5	amd64
liblouis-data	3.29.0-1build1	all
liblouis20:amd64	3.29.0-1build1	amd64
liblouisutdml-bin	2.12.0-3.1build1	amd64
liblouisutdml-data	2.12.0-3.1build1	all
liblouisutdml9t64:amd64	2.12.0-3.1build1	amd64
liblsan0:amd64	14.2.0-4ubuntu2~24.04.1	amd64
libltdl7:amd64	2.4.7-7build1	amd64
liblttng-ust-common1t64:amd64	2.13.7-1.1ubuntu2	amd64
liblttng-ust-ctl5t64:amd64	2.13.7-1.1ubuntu2	amd64
liblttng-ust1t64:amd64	2.13.7-1.1ubuntu2	amd64
liblua5.2-0:amd64	5.2.4-3build2	amd64
liblua5.4-0:amd64	5.4.6-3build2	amd64
libluajit-5.1-2:amd64	2.1.0+git20231223.c525bcb+dfsg-1	amd64
libluajit-5.1-common	2.1.0+git20231223.c525bcb+dfsg-1	all
liblwp-mediatypes-perl	6.04-2	all
liblwp-protocol-https-perl	6.13-1	all
liblz4-1:amd64	1.9.4-1build1.1	amd64
liblzma5:amd64	5.6.1+really5.4.5-1ubuntu0.3	amd64
liblzo2-2:amd64	2.10-2build4	amd64
libm17n-0:amd64	1.8.4-1build2	amd64
libmad0:amd64	0.15.1b-10.2ubuntu1	amd64
libmagic-mgc	1:5.45-3build1	amd64
libmagic1t64:amd64	1:5.45-3build1	amd64
libmailtools-perl	2.21-2	all
libmalcontent-0-0:amd64	0.11.1-1ubuntu1.3	amd64
libmanette-0.2-0:amd64	0.2.7-1build2	amd64
libmarisa0:amd64	0.2.6-14ubuntu4	amd64
libmatroska7:amd64	1.7.1-1build1	amd64
libmaxminddb0:amd64	1.9.1-1build1	amd64
libmbedcrypto7t64:amd64	2.28.8-1	amd64
libmbedtls14t64:amd64	2.28.8-1	amd64
libmbedx509-1t64:amd64	2.28.8-1	amd64
libmbim-glib4:amd64	1.31.2-0ubuntu3.1	amd64
libmbim-proxy	1.31.2-0ubuntu3.1	amd64
libmbim-utils	1.31.2-0ubuntu3.1	amd64
libmd0:amd64	1.1.0-2build1.1	amd64
libmd4c0:amd64	0.4.8-1build1	amd64
libmediaart-2.0-0:amd64	1.9.6-1build2	amd64
libmm-glib0:amd64	1.23.4-0ubuntu2	amd64
libmng2:amd64	2.0.3+dfsg-4build1	amd64
libmnl0:amd64	1.0.5-2build1	amd64
libmount1:amd64	2.39.3-9ubuntu6.5	amd64
libmozjs-115-0t64:amd64	115.10.0-1	amd64
libmp3lame0:amd64	3.100-6build1	amd64
libmpc3:amd64	1.3.1-1build1.1	amd64
libmpcdec6:amd64	2:0.1~r495-2build1	amd64
libmpeg2-4:amd64	0.5.1-9build1	amd64
libmpfr6:amd64	4.2.1-1build1.1	amd64
libmpg123-0t64:amd64	1.32.5-1ubuntu1.1	amd64
libmsgraph-0-1:amd64	0.2.1-0ubuntu3	amd64
libmtdev1t64:amd64	1.1.6-1.1build1	amd64
libmtp-common	1.1.21-3.1ubuntu1	all
libmtp-runtime	1.1.21-3.1ubuntu1	amd64
libmtp9t64:amd64	1.1.21-3.1ubuntu1	amd64
libmutter-14-0:amd64	46.2-1ubuntu0.24.04.14	amd64
libmysofa1:amd64	1.3.2+dfsg-2ubuntu2	amd64
libnautilus-extension4:amd64	1:46.4-0ubuntu0.2	amd64
libncurses6:amd64	6.4+20240113-1ubuntu2	amd64
libncursesw6:amd64	6.4+20240113-1ubuntu2	amd64
libndp0:amd64	1.8-1fakesync1ubuntu0.24.04.1	amd64
libnet-dbus-perl	1.2.0-2build3	amd64
libnet-http-perl	6.23-1	all
libnet-smtp-ssl-perl	1.04-2	all
libnet-ssleay-perl:amd64	1.94-1build4	amd64
libnetfilter-conntrack3:amd64	1.0.9-6build1	amd64
libnetplan1:amd64	1.1.2-8ubuntu1~24.04.1	amd64
libnettle8t64:amd64	3.9.1-2.2build1.1	amd64
libnewt0.52:amd64	0.52.24-2ubuntu2	amd64
libnfnetlink0:amd64	1.0.2-2build1	amd64
libnfs14:amd64	5.0.2-1build1	amd64
libnfsidmap1:amd64	1:2.6.4-3ubuntu5.1	amd64
libnftables1:amd64	1.0.9-1ubuntu0.1	amd64
libnftnl11:amd64	1.2.6-2build1	amd64
libnghttp2-14:amd64	1.59.0-1ubuntu0.3	amd64
libnice10:amd64	0.1.21-2build3	amd64
libnl-3-200:amd64	3.7.0-0.3build1.1	amd64
libnl-genl-3-200:amd64	3.7.0-0.3build1.1	amd64
libnl-route-3-200:amd64	3.7.0-0.3build1.1	amd64
libnm0:amd64	1.46.0-1ubuntu2.6	amd64
libnma-common	1.10.6-3build2	all
libnma-gtk4-0:amd64	1.10.6-3build2	amd64
libnma0:amd64	1.10.6-3build2	amd64
libnode-dev	18.19.1+dfsg-6ubuntu5	amd64
libnode109:amd64	18.19.1+dfsg-6ubuntu5	amd64
libnorm1t64:amd64	1.5.9+dfsg-3.1build1	amd64
libnotify-bin	0.8.3-1build2	amd64
libnotify4:amd64	0.8.3-1build2	amd64
libnpp-13-0	13.0.1.2-1	amd64
libnpp-dev-13-0	13.0.1.2-1	amd64
libnpth0t64:amd64	1.6-3.1build1	amd64
libnspr4:amd64	2:4.35-1.1build1	amd64
libnss-mdns:amd64	0.15.1-4build1	amd64
libnss-sss:amd64	2.9.4-1.1ubuntu6.5	amd64
libnss-systemd:amd64	255.4-1ubuntu8.14	amd64
libnss3-tools	2:3.98-1ubuntu0.1	amd64
libnss3:amd64	2:3.98-1ubuntu0.1	amd64
libntfs-3g89t64:amd64	1:2022.10.3-1.2ubuntu3.1	amd64
libnuma1:amd64	2.0.18-1ubuntu0.24.04.1	amd64
libnvfatbin-13-0	13.0.85-1	amd64
libnvfatbin-dev-13-0	13.0.85-1	amd64
libnvidia-cfg1-595:amd64	595.71.05-0ubuntu0.24.04.1	amd64
libnvidia-common-580	580.159.04-1ubuntu1	all
libnvidia-common-595	595.71.05-0ubuntu0.24.04.1	amd64
libnvidia-compute-595:amd64	595.71.05-0ubuntu0.24.04.1	amd64
libnvidia-decode-595:amd64	595.71.05-0ubuntu0.24.04.1	amd64
libnvidia-egl-wayland1:amd64	1:1.1.13-1ubuntu0.1	amd64
libnvidia-encode-595:amd64	595.71.05-0ubuntu0.24.04.1	amd64
libnvidia-extra-580:amd64	580.159.04-1ubuntu1	amd64
libnvidia-extra-595:amd64	595.71.05-0ubuntu0.24.04.1	amd64
libnvidia-fbc1-595:amd64	595.71.05-0ubuntu0.24.04.1	amd64
libnvidia-gl-595:amd64	595.71.05-0ubuntu0.24.04.1	amd64
libnvjitlink-13-0	13.0.88-1	amd64
libnvjitlink-dev-13-0	13.0.88-1	amd64
libnvjpeg-13-0	13.0.1.86-1	amd64
libnvjpeg-dev-13-0	13.0.1.86-1	amd64
libnvme1t64	1.8-3ubuntu1	amd64
libnvptxcompiler-13-0	13.0.88-1	amd64
libnvvm-13-0	13.0.88-1	amd64
libobs0t64:amd64	30.0.2+dfsg-3build1	amd64
libogg0:amd64	1.3.5-3build1	amd64
libonig5:amd64	6.9.9-1build1	amd64
libopenal-data	1:1.23.1-4build1	all
libopenal1:amd64	1:1.23.1-4build1	amd64
libopencc-data	1.1.7+ds1-1ubuntu0.1	all
libopencc1.1	1.1.7+ds1-1ubuntu0.1	amd64
libopenconnect5:amd64	9.12-1build5	amd64
libopengl0:amd64	1.7.0-1build1	amd64
libopenjp2-7:amd64	2.5.0-2ubuntu0.5	amd64
libopenmpt-modplug1:amd64	0.8.9.0-openmpt1-2build2	amd64
libopenmpt0t64:amd64	0.7.3-1.1build3	amd64
libopus0:amd64	1.4-1build1	amd64
liborc-0.4-0t64:amd64	1:0.4.38-1ubuntu0.1	amd64
libostree-1-1:amd64	2024.5-1build2	amd64
libotf1:amd64	0.9.16-4build2	amd64
libp11-kit0:amd64	0.25.3-4ubuntu2.1	amd64
libpackagekit-glib2-18:amd64	1.2.8-2ubuntu1.5	amd64
libpam-cap:amd64	1:2.66-5ubuntu2.4	amd64
libpam-fprintd:amd64	1.94.3-1	amd64
libpam-gnome-keyring:amd64	46.1-2ubuntu0.2	amd64
libpam-modules-bin	1.5.3-5ubuntu5.5	amd64
libpam-modules:amd64	1.5.3-5ubuntu5.5	amd64
libpam-pwquality:amd64	1.4.5-3build1	amd64
libpam-runtime	1.5.3-5ubuntu5.5	all
libpam-sss:amd64	2.9.4-1.1ubuntu6.5	amd64
libpam-systemd:amd64	255.4-1ubuntu8.14	amd64
libpam0g:amd64	1.5.3-5ubuntu5.5	amd64
libpango-1.0-0:amd64	1.52.1+ds-1build1	amd64
libpangocairo-1.0-0:amd64	1.52.1+ds-1build1	amd64
libpangoft2-1.0-0:amd64	1.52.1+ds-1build1	amd64
libpangomm-1.4-1v5:amd64	2.46.4-1build3	amd64
libpangomm-2.48-1t64:amd64	2.52.0-1build1	amd64
libpangoxft-1.0-0:amd64	1.52.1+ds-1build1	amd64
libpaper-utils	1.1.29build1	amd64
libpaper1:amd64	1.1.29build1	amd64
libparted2t64:amd64	3.6-4build1	amd64
libpath-utils1t64:amd64	0.6.2-2.1build1	amd64
libpcap0.8t64:amd64	1.10.4-4.1ubuntu3	amd64
libpcaudio0:amd64	1.2-2build3	amd64
libpci3:amd64	1:3.10.0-2build1	amd64
libpciaccess0:amd64	0.17-3ubuntu0.24.04.2	amd64
libpcre2-16-0:amd64	10.42-4ubuntu2.1	amd64
libpcre2-32-0:amd64	10.42-4ubuntu2.1	amd64
libpcre2-8-0:amd64	10.42-4ubuntu2.1	amd64
libpcsclite1:amd64	2.0.3-1build1	amd64
libpeas-1.0-0:amd64	1.36.0-3build4	amd64
libpeas-common	1.36.0-3build4	all
libperl5.38t64:amd64	5.38.2-3.2ubuntu0.2	amd64
libpgm-5.3-0t64:amd64	5.3.128~dfsg-2.1build1	amd64
libphonenumber8:amd64	8.12.57+ds-4.2build3	amd64
libpinyin-data:amd64	2.8.1-1build3	amd64
libpinyin15:amd64	2.8.1-1build3	amd64
libpipeline1:amd64	1.5.7-2	amd64
libpipewire-0.3-0t64:amd64	1.0.5-1ubuntu3.2	amd64
libpipewire-0.3-common	1.0.5-1ubuntu3.2	all
libpipewire-0.3-modules:amd64	1.0.5-1ubuntu3.2	amd64
libpixman-1-0:amd64	0.42.2-1build1	amd64
libpkcs11-helper1t64:amd64	1.29.0-2.1build2	amd64
libpkgconf3:amd64	1.8.1-2build1	amd64
libplacebo338:amd64	6.338.2-2build1	amd64
libplist-2.0-4:amd64	2.3.0-1~exp2build2	amd64
libplymouth5:amd64	24.004.60-1ubuntu7.1	amd64
libpng16-16t64:amd64	1.6.43-5ubuntu0.6	amd64
libpocketsphinx3:amd64	0.8.0+real5prealpha+1-15ubuntu5	amd64
libpolkit-agent-1-0:amd64	124-2ubuntu1.24.04.3	amd64
libpolkit-gobject-1-0:amd64	124-2ubuntu1.24.04.3	amd64
libpoppler-cpp0t64:amd64	24.02.0-1ubuntu9.8	amd64
libpoppler-glib8t64:amd64	24.02.0-1ubuntu9.8	amd64
libpoppler134:amd64	24.02.0-1ubuntu9.8	amd64
libpopt0:amd64	1.19+dfsg-1build1	amd64
libportal-gtk4-1:amd64	0.7.1-5build5	amd64
libportal1:amd64	0.7.1-5build5	amd64
libpostproc57:amd64	7:6.1.1-3ubuntu5	amd64
libppd2-common	2:2.0.0-0ubuntu4.1	all
libppd2:amd64	2:2.0.0-0ubuntu4.1	amd64
libproc2-0:amd64	2:4.0.4-4ubuntu3.2	amd64
libprotobuf-c1:amd64	1.4.1-1ubuntu4	amd64
libprotobuf-lite32t64:amd64	3.21.12-8.2ubuntu0.3	amd64
libprotobuf32t64:amd64	3.21.12-8.2ubuntu0.3	amd64
libproxy-tools	0.5.4-4build1	amd64
libproxy1-plugin-gsettings:amd64	0.5.4-4build1	amd64
libproxy1-plugin-networkmanager:amd64	0.5.4-4build1	amd64
libproxy1v5:amd64	0.5.4-4build1	amd64
libpskc0t64:amd64	2.6.11-2.1ubuntu0.1	amd64
libpsl5t64:amd64	0.21.2-1.1build1	amd64
libpulse-mainloop-glib0:amd64	1:16.1+dfsg1-2ubuntu10.1	amd64
libpulse0:amd64	1:16.1+dfsg1-2ubuntu10.1	amd64
libpwquality-common	1.4.5-3build1	all
libpwquality1:amd64	1.4.5-3build1	amd64
libpython3-dev:amd64	3.12.3-0ubuntu2.1	amd64
libpython3-stdlib:amd64	3.12.3-0ubuntu2.1	amd64
libpython3.12-dev:amd64	3.12.3-1ubuntu0.13	amd64
libpython3.12-minimal:amd64	3.12.3-1ubuntu0.13	amd64
libpython3.12-stdlib:amd64	3.12.3-1ubuntu0.13	amd64
libpython3.12t64:amd64	3.12.3-1ubuntu0.13	amd64
libqmi-glib5:amd64	1.35.2-0ubuntu2	amd64
libqmi-proxy	1.35.2-0ubuntu2	amd64
libqmi-utils	1.35.2-0ubuntu2	amd64
libqpdf29t64:amd64	11.9.0-1.1ubuntu0.1	amd64
libqrcodegencpp1:amd64	1.8.0-1.2build1	amd64
libqrtr-glib0:amd64	1.2.2-1ubuntu4	amd64
libqt5core5t64:amd64	5.15.13+dfsg-1ubuntu1	amd64
libqt5dbus5t64:amd64	5.15.13+dfsg-1ubuntu1	amd64
libqt5designer5:amd64	5.15.13-1	amd64
libqt5gui5t64:amd64	5.15.13+dfsg-1ubuntu1	amd64
libqt5help5:amd64	5.15.13-1	amd64
libqt5network5t64:amd64	5.15.13+dfsg-1ubuntu1	amd64
libqt5printsupport5t64:amd64	5.15.13+dfsg-1ubuntu1	amd64
libqt5qml5:amd64	5.15.13+dfsg-1ubuntu0.1	amd64
libqt5qmlmodels5:amd64	5.15.13+dfsg-1ubuntu0.1	amd64
libqt5qmlworkerscript5:amd64	5.15.13+dfsg-1ubuntu0.1	amd64
libqt5quick5:amd64	5.15.13+dfsg-1ubuntu0.1	amd64
libqt5quickcontrols2-5:amd64	5.15.13+dfsg-1	amd64
libqt5quicktemplates2-5:amd64	5.15.13+dfsg-1	amd64
libqt5sql5-sqlite:amd64	5.15.13+dfsg-1ubuntu1	amd64
libqt5sql5t64:amd64	5.15.13+dfsg-1ubuntu1	amd64
libqt5svg5:amd64	5.15.13-1	amd64
libqt5test5t64:amd64	5.15.13+dfsg-1ubuntu1	amd64
libqt5texttospeech5:amd64	5.15.13-1	amd64
libqt5waylandclient5:amd64	5.15.13-1	amd64
libqt5waylandcompositor5:amd64	5.15.13-1	amd64
libqt5widgets5t64:amd64	5.15.13+dfsg-1ubuntu1	amd64
libqt5x11extras5:amd64	5.15.13-1	amd64
libqt5xml5t64:amd64	5.15.13+dfsg-1ubuntu1	amd64
libqt6core6t64:amd64	6.4.2+dfsg-21.1build5	amd64
libqt6dbus6t64:amd64	6.4.2+dfsg-21.1build5	amd64
libqt6gui6t64:amd64	6.4.2+dfsg-21.1build5	amd64
libqt6network6t64:amd64	6.4.2+dfsg-21.1build5	amd64
libqt6opengl6t64:amd64	6.4.2+dfsg-21.1build5	amd64
libqt6qml6:amd64	6.4.2+dfsg-4build3	amd64
libqt6qmlmodels6:amd64	6.4.2+dfsg-4build3	amd64
libqt6quick6:amd64	6.4.2+dfsg-4build3	amd64
libqt6svg6:amd64	6.4.2-4ubuntu3	amd64
libqt6waylandclient6:amd64	6.4.2-5build3	amd64
libqt6waylandcompositor6:amd64	6.4.2-5build3	amd64
libqt6waylandeglclienthwintegration6:amd64	6.4.2-5build3	amd64
libqt6waylandeglcompositorhwintegration6:amd64	6.4.2-5build3	amd64
libqt6widgets6t64:amd64	6.4.2+dfsg-21.1build5	amd64
libqt6wlshellintegration6:amd64	6.4.2-5build3	amd64
libqt6xml6t64:amd64	6.4.2+dfsg-21.1build5	amd64
libquadmath0:amd64	14.2.0-4ubuntu2~24.04.1	amd64
librabbitmq4:amd64	0.11.0-1build2	amd64
libraqm0:amd64	0.10.1-1build1	amd64
librav1e0:amd64	0.7.1-2	amd64
libraw1394-11:amd64	2.1.2-2build3	amd64
libre2-10:amd64	20230301-3build1	amd64
libreadline8t64:amd64	8.2-4build1	amd64
libref-array1t64:amd64	0.6.2-2.1build1	amd64
libresid-builder0c2a	2.1.1-15ubuntu3	amd64
librest-1.0-0:amd64	0.9.1-6build3	amd64
librime-bin	1.10.0+dfsg1-2build2	amd64
librime-data	0.38.20210909-4build1	all
librime-plugin-charcode:amd64	1.10.0+dfsg1~git20230904-2build2	amd64
librime-plugin-lua:amd64	1.10.0+dfsg1~git20230917-2build2	amd64
librime-plugin-octagram:amd64	1.10.0+dfsg1~git20230125-2build2	amd64
librime1t64:amd64	1.10.0+dfsg1-2build2	amd64
librist4:amd64	0.2.10+dfsg-2	amd64
libroc0.3:amd64	0.3.0+dfsg-7ubuntu2	amd64
librsvg2-2:amd64	2.58.0+dfsg-1build1	amd64
librsvg2-common:amd64	2.58.0+dfsg-1build1	amd64
librtmp1:amd64	2.4+20151223.gitfa8646d.1-2build7	amd64
librubberband2:amd64	3.3.0+dfsg-2build1	amd64
librygel-core-2.8-0:amd64	0.42.5-1ubuntu3	amd64
librygel-db-2.8-0:amd64	0.42.5-1ubuntu3	amd64
librygel-renderer-2.8-0:amd64	0.42.5-1ubuntu3	amd64
librygel-server-2.8-0:amd64	0.42.5-1ubuntu3	amd64
libsamplerate0:amd64	0.2.2-4build1	amd64
libsane-common	1.2.1-7build4	all
libsane-hpaio:amd64	3.23.12+dfsg0-0ubuntu5	amd64
libsane1:amd64	1.2.1-7build4	amd64
libsasl2-2:amd64	2.1.28+dfsg1-5ubuntu3.1	amd64
libsasl2-modules-db:amd64	2.1.28+dfsg1-5ubuntu3.1	amd64
libsasl2-modules-gssapi-mit:amd64	2.1.28+dfsg1-5ubuntu3.1	amd64
libsasl2-modules:amd64	2.1.28+dfsg1-5ubuntu3.1	amd64
libsbc1:amd64	2.0-1build1	amd64
libsctp1:amd64	1.0.19+dfsg-2build1	amd64
libsdl2-2.0-0:amd64	2.30.0+dfsg-1ubuntu3.1	amd64
libseccomp2:amd64	2.5.5-1ubuntu3.1	amd64
libsecret-1-0:amd64	0.21.4-1build3	amd64
libsecret-common	0.21.4-1build3	all
libselinux1:amd64	3.5-2ubuntu2.1	amd64
libsemanage-common	3.5-1build5	all
libsemanage2:amd64	3.5-1build5	amd64
libsensors-config	1:3.6.0-9build1	all
libsensors5:amd64	1:3.6.0-9build1	amd64
libsepol2:amd64	3.5-2build1	amd64
libserd-0-0:amd64	0.32.2-1	amd64
libsframe1:amd64	2.42-4ubuntu2.10	amd64
libsharpyuv0:amd64	1.3.2-0.4build3	amd64
libshine3:amd64	3.1.1-2build1	amd64
libshout3:amd64	2.4.6-1build2	amd64
libsidplay1v5:amd64	1.36.60-1build1	amd64
libsidplay2	2.1.1-15ubuntu3	amd64
libsigc++-2.0-0v5:amd64	2.12.1-2	amd64
libsigc++-3.0-0:amd64	3.6.0-2	amd64
libslang2:amd64	2.3.3-3build2	amd64
libsm6:amd64	2:1.2.3-1build3	amd64
libsmartcols1:amd64	2.39.3-9ubuntu6.5	amd64
libsmbclient0:amd64	2:4.19.5+dfsg-4ubuntu9.6	amd64
libsnapd-glib-2-1:amd64	1.64-0ubuntu5	amd64
libsnappy1v5:amd64	1.1.10-1build1	amd64
libsndfile1:amd64	1.2.2-1ubuntu5.24.04.1	amd64
libsndio7.0:amd64	1.9.0-0.3build3	amd64
libsnmp-base	5.9.4+dfsg-1.1ubuntu3.2	all
libsnmp40t64:amd64	5.9.4+dfsg-1.1ubuntu3.2	amd64
libsodium23:amd64	1.0.18-1ubuntu0.24.04.1	amd64
libsonic0:amd64	0.2.0-13build1	amd64
libsord-0-0:amd64	0.16.16-2build1	amd64
libsoup-2.4-1:amd64	2.74.3-6ubuntu1.6	amd64
libsoup-3.0-0:amd64	3.4.4-5ubuntu0.7	amd64
libsoup-3.0-common	3.4.4-5ubuntu0.7	all
libsoup2.4-common	2.74.3-6ubuntu1.6	all
libsource-highlight-common	3.1.9-4.3build1	all
libsource-highlight4t64:amd64	3.1.9-4.3build1	amd64
libsoxr0:amd64	0.1.3-4build3	amd64
libspa-0.2-bluetooth:amd64	1.0.5-1ubuntu3.2	amd64
libspa-0.2-modules:amd64	1.0.5-1ubuntu3.2	amd64
libspatialaudio0t64:amd64	0.3.0+git20180730+dfsg1-2.1build1	amd64
libspectre1:amd64	0.2.12-1build2	amd64
libspeechd2:amd64	0.12.0~rc2-2build3	amd64
libspeex1:amd64	1.2.1-2ubuntu2.24.04.1	amd64
libspeexdsp1:amd64	1.2.1-1ubuntu3	amd64
libsphinxbase3t64:amd64	0.8+5prealpha+1-17build2	amd64
libsqlite3-0:amd64	3.45.1-1ubuntu2.5	amd64
libsratom-0-0:amd64	0.6.16-1build1	amd64
libsrt1.5-gnutls:amd64	1.5.3-1build2	amd64
libsrt1.5-openssl:amd64	1.5.3-1build2	amd64
libss2:amd64	1.47.0-2.4~exp1ubuntu4.1	amd64
libssh-4:amd64	0.10.6-2ubuntu0.4	amd64
libssh-gcrypt-4:amd64	0.10.6-2ubuntu0.4	amd64
libssh2-1t64:amd64	1.11.0-4.1ubuntu0.24.04.1	amd64
libssl-dev:amd64	3.0.13-0ubuntu3.9	amd64
libssl3t64:amd64	3.0.13-0ubuntu3.9	amd64
libsss-certmap0	2.9.4-1.1ubuntu6.5	amd64
libsss-idmap0	2.9.4-1.1ubuntu6.5	amd64
libsss-nss-idmap0	2.9.4-1.1ubuntu6.5	amd64
libstartup-notification0:amd64	0.12-6build3	amd64
libstdc++-13-dev:amd64	13.3.0-6ubuntu2~24.04.1	amd64
libstdc++6:amd64	14.2.0-4ubuntu2~24.04.1	amd64
libstemmer0d:amd64	2.2.0-4build1	amd64
libstoken1t64:amd64	0.92-1.1build2	amd64
libsvtav1enc1d1:amd64	1.7.0+dfsg-2build1	amd64
libswresample4:amd64	7:6.1.1-3ubuntu5	amd64
libswscale7:amd64	7:6.1.1-3ubuntu5	amd64
libsynctex2:amd64	2023.20230311.66589-9build3	amd64
libsysmetrics1:amd64	1.7.3ubuntu0.24.04.3	amd64
libsystemd-shared:amd64	255.4-1ubuntu8.14	amd64
libsystemd0:amd64	255.4-1ubuntu8.14	amd64
libtag1v5-vanilla:amd64	1.13.1-1build1	amd64
libtag1v5:amd64	1.13.1-1build1	amd64
libtalloc2:amd64	2.4.2-1build2	amd64
libtasn1-6:amd64	4.19.0-3ubuntu0.24.04.2	amd64
libtcl8.6:amd64	8.6.14+dfsg-1build1	amd64
libtdb1:amd64	1.4.10-1build1	amd64
libteamdctl0:amd64	1.31-1build3	amd64
libtevent0t64:amd64	0.16.1-2build1	amd64
libtext-charwidth-perl:amd64	0.04-11build3	amd64
libtext-iconv-perl:amd64	1.7-8build3	amd64
libtext-wrapi18n-perl	0.06-10	all
libthai-data	0.1.29-2build1	all
libthai0:amd64	0.1.29-2build1	amd64
libtheora0:amd64	1.1.1+dfsg.1-16.1build3	amd64
libtie-ixhash-perl	1.23-4	all
libtiff6:amd64	4.5.1+git230720-4ubuntu2.5	amd64
libtimedate-perl	2.3300-2	all
libtinfo6:amd64	6.4+20240113-1ubuntu2	amd64
libtirpc-common	1.3.4+ds-1.1build1	all
libtirpc3t64:amd64	1.3.4+ds-1.1build1	amd64
libtomcrypt1:amd64	1.18.2+dfsg-7build1	amd64
libtommath1:amd64	1.2.1-2build1	amd64
libtotem-plparser-common	3.26.6-1build5	all
libtotem-plparser18:amd64	3.26.6-1build5	amd64
libtraceevent1-plugin:amd64	1:1.8.2-1ubuntu2.1	amd64
libtraceevent1:amd64	1:1.8.2-1ubuntu2.1	amd64
libtracefs1:amd64	1.8.0-1ubuntu1	amd64
libtracker-sparql-3.0-0:amd64	3.7.1-1build1	amd64
libtry-tiny-perl	0.31-2	all
libts0t64:amd64	1.22-1.1build1	amd64
libtsan2:amd64	14.2.0-4ubuntu2~24.04.1	amd64
libtss2-esys-3.0.2-0t64:amd64	4.0.1-7.1ubuntu5.1	amd64
libtss2-mu-4.0.1-0t64:amd64	4.0.1-7.1ubuntu5.1	amd64
libtss2-rc0t64:amd64	4.0.1-7.1ubuntu5.1	amd64
libtss2-sys1t64:amd64	4.0.1-7.1ubuntu5.1	amd64
libtss2-tcti-cmd0t64:amd64	4.0.1-7.1ubuntu5.1	amd64
libtss2-tcti-device0t64:amd64	4.0.1-7.1ubuntu5.1	amd64
libtss2-tcti-libtpms0t64:amd64	4.0.1-7.1ubuntu5.1	amd64
libtss2-tcti-mssim0t64:amd64	4.0.1-7.1ubuntu5.1	amd64
libtss2-tcti-spi-helper0t64:amd64	4.0.1-7.1ubuntu5.1	amd64
libtss2-tcti-swtpm0t64:amd64	4.0.1-7.1ubuntu5.1	amd64
libtss2-tctildr0t64:amd64	4.0.1-7.1ubuntu5.1	amd64
libtwolame0:amd64	0.4.0-2build3	amd64
libu2f-udev	1.1.10-3build3	all
libubsan1:amd64	14.2.0-4ubuntu2~24.04.1	amd64
libuchardet0:amd64	0.0.8-1build1	amd64
libudev1:amd64	255.4-1ubuntu8.14	amd64
libudfread0:amd64	1.1.2-1build1	amd64
libudisks2-0:amd64	2.10.1-6ubuntu1.3	amd64
libunibreak5:amd64	5.1-2build1	amd64
libunistring5:amd64	1.1-2build1.1	amd64
libunity-protocol-private0:amd64	7.1.4+19.04.20190319-6build4	amd64
libunity-scopes-json-def-desktop	7.1.4+19.04.20190319-6build4	all
libunity9:amd64	7.1.4+19.04.20190319-6build4	amd64
libunwind8:amd64	1.6.2-3build1.1	amd64
libupnp17t64:amd64	1:1.14.18-1.1ubuntu2	amd64
libupower-glib3:amd64	1.90.3-1	amd64
liburi-perl	5.27-1	all
libusb-1.0-0:amd64	2:1.0.27-1	amd64
libusbmuxd6:amd64	2.0.2-4build3	amd64
libuuid1:amd64	2.39.3-9ubuntu6.5	amd64
libuv1-dev:amd64	1.48.0-1.1build1	amd64
libuv1t64:amd64	1.48.0-1.1build1	amd64
libv4l-0t64:amd64	1.26.1-4build3	amd64
libv4lconvert0t64:amd64	1.26.1-4build3	amd64
libva-drm2:amd64	2.20.0-2ubuntu0.1	amd64
libva-wayland2:amd64	2.20.0-2ubuntu0.1	amd64
libva-x11-2:amd64	2.20.0-2ubuntu0.1	amd64
libva2:amd64	2.20.0-2ubuntu0.1	amd64
libvdpau1:amd64	1.5-2build1	amd64
libvidstab1.1:amd64	1.1.0-2build1	amd64
libvisual-0.4-0:amd64	0.4.2-2build1	amd64
libvlc-bin:amd64	3.0.20-3build6	amd64
libvlc5:amd64	3.0.20-3build6	amd64
libvlccore9:amd64	3.0.20-3build6	amd64
libvncclient1:amd64	0.9.14+dfsg-1build2	amd64
libvolume-key1:amd64	0.3.12-7build2	amd64
libvorbis0a:amd64	1.3.7-1build3	amd64
libvorbisenc2:amd64	1.3.7-1build3	amd64
libvorbisfile3:amd64	1.3.7-1build3	amd64
libvpl2	2023.3.0-1build1	amd64
libvpx9:amd64	1.14.0-1ubuntu2.3	amd64
libvte-2.91-0:amd64	0.76.0-1ubuntu0.1	amd64
libvte-2.91-common	0.76.0-1ubuntu0.1	amd64
libvulkan1:amd64	1.3.275.0-1build1	amd64
libwacom-common	2.10.0-2	all
libwacom9:amd64	2.10.0-2	amd64
libwavpack1:amd64	5.6.0-1build1	amd64
libwayland-client0:amd64	1.22.0-2.1build1	amd64
libwayland-cursor0:amd64	1.22.0-2.1build1	amd64
libwayland-egl1:amd64	1.22.0-2.1build1	amd64
libwayland-server0:amd64	1.22.0-2.1build1	amd64
libwbclient0:amd64	2:4.19.5+dfsg-4ubuntu9.6	amd64
libwebkit2gtk-4.0-37:amd64	2.36.0-2ubuntu1	amd64
libwebkit2gtk-4.1-0:amd64	2.52.3-0ubuntu0.24.04.1	amd64
libwebkitgtk-6.0-4:amd64	2.52.3-0ubuntu0.24.04.1	amd64
libwebp7:amd64	1.3.2-0.4build3	amd64
libwebpdemux2:amd64	1.3.2-0.4build3	amd64
libwebpmux3:amd64	1.3.2-0.4build3	amd64
libwebrtc-audio-processing1:amd64	0.3.1-0ubuntu6	amd64
libwhoopsie-preferences0	23build3	amd64
libwhoopsie0:amd64	0.2.77ubuntu0.1	amd64
libwinpr3-3:amd64	3.5.1+dfsg1-0ubuntu1.5	amd64
libwireplumber-0.4-0:amd64	0.4.17-1ubuntu4.1	amd64
libwmf-0.2-7-gtk:amd64	0.2.13-1.1build3	amd64
libwmf-0.2-7:amd64	0.2.13-1.1build3	amd64
libwmf0.2-7-gtk:amd64	0.2.13-1.1build3	amd64
libwmflite-0.2-7:amd64	0.2.13-1.1build3	amd64
libwnck-3-0:amd64	43.0-3build4	amd64
libwnck-3-common	43.0-3build4	all
libwoff1:amd64	1.0.2-2build1	amd64
libwrap0:amd64	7.6.q-33	amd64
libwww-perl	6.76-1ubuntu0.1	all
libwww-robotrules-perl	6.02-1	all
libx11-6:amd64	2:1.8.7-1build1	amd64
libx11-data	2:1.8.7-1build1	all
libx11-protocol-perl	0.56-9	all
libx11-xcb1:amd64	2:1.8.7-1build1	amd64
libx264-164:amd64	2:0.164.3108+git31e19f9-1	amd64
libx265-199:amd64	3.5-2build1	amd64
libxatracker2:amd64	25.1.7-1ubuntu2~24.04.1	amd64
libxau6:amd64	1:1.0.9-1build6	amd64
libxaw7:amd64	2:1.0.14-1build2	amd64
libxcb-composite0:amd64	1.15-1ubuntu2	amd64
libxcb-cursor0:amd64	0.1.4-1build1	amd64
libxcb-damage0:amd64	1.15-1ubuntu2	amd64
libxcb-dri2-0:amd64	1.15-1ubuntu2	amd64
libxcb-dri3-0:amd64	1.15-1ubuntu2	amd64
libxcb-ewmh2:amd64	0.4.1-1.1build3	amd64
libxcb-glx0:amd64	1.15-1ubuntu2	amd64
libxcb-icccm4:amd64	0.4.1-1.1build3	amd64
libxcb-image0:amd64	0.4.0-2build1	amd64
libxcb-imdkit1:amd64	1.0.6-1	amd64
libxcb-keysyms1:amd64	0.4.0-1build4	amd64
libxcb-present0:amd64	1.15-1ubuntu2	amd64
libxcb-randr0:amd64	1.15-1ubuntu2	amd64
libxcb-render-util0:amd64	0.3.9-1build4	amd64
libxcb-render0:amd64	1.15-1ubuntu2	amd64
libxcb-res0:amd64	1.15-1ubuntu2	amd64
libxcb-shape0:amd64	1.15-1ubuntu2	amd64
libxcb-shm0:amd64	1.15-1ubuntu2	amd64
libxcb-sync1:amd64	1.15-1ubuntu2	amd64
libxcb-util1:amd64	0.4.0-1build3	amd64
libxcb-xfixes0:amd64	1.15-1ubuntu2	amd64
libxcb-xinerama0:amd64	1.15-1ubuntu2	amd64
libxcb-xinput0:amd64	1.15-1ubuntu2	amd64
libxcb-xkb1:amd64	1.15-1ubuntu2	amd64
libxcb-xv0:amd64	1.15-1ubuntu2	amd64
libxcb1:amd64	1.15-1ubuntu2	amd64
libxcomposite1:amd64	1:0.4.5-1build3	amd64
libxcursor1:amd64	1:1.2.1-1build1	amd64
libxcvt0:amd64	0.1.2-1build1	amd64
libxdamage1:amd64	1:1.1.6-1build1	amd64
libxdmcp6:amd64	1:1.1.3-0ubuntu6	amd64
libxdo3:amd64	1:3.20160805.1-5build1	amd64
libxext6:amd64	2:1.3.4-1build2	amd64
libxfixes3:amd64	1:6.0.0-2build1	amd64
libxfont2:amd64	1:2.0.6-1build1	amd64
libxft2:amd64	2.3.6-1build1	amd64
libxi6:amd64	2:1.8.1-1build1	amd64
libxinerama1:amd64	2:1.1.4-3build1	amd64
libxkbcommon-x11-0:amd64	1.6.0-1build1	amd64
libxkbcommon0:amd64	1.6.0-1build1	amd64
libxkbfile1:amd64	1:1.1.0-1build4	amd64
libxkbregistry0:amd64	1.6.0-1build1	amd64
libxklavier16:amd64	5.4-5build2	amd64
libxml-parser-perl	2.47-1ubuntu0.24.04.1	amd64
libxml-twig-perl	1:3.52-2	all
libxml-xpathengine-perl	0.14-2	all
libxml2:amd64	2.9.14+dfsg-1.3ubuntu3.7	amd64
libxmlb2:amd64	0.3.18-1	amd64
libxmlsec1t64-openssl:amd64	1.2.39-5build2	amd64
libxmlsec1t64:amd64	1.2.39-5build2	amd64
libxmu6:amd64	2:1.1.3-3build2	amd64
libxmuu1:amd64	2:1.1.3-3build2	amd64
libxnvctrl0:amd64	510.47.03-0ubuntu4.24.04.1	amd64
libxpm4:amd64	1:3.5.17-1build2	amd64
libxrandr2:amd64	2:1.5.2-2build1	amd64
libxrender1:amd64	1:0.9.10-1.1build1	amd64
libxres1:amd64	2:1.2.1-1build1	amd64
libxshmfence1:amd64	1.3-1build5	amd64
libxslt1.1:amd64	1.1.39-0exp1ubuntu0.24.04.3	amd64
libxss1:amd64	1:1.2.3-1build3	amd64
libxt6t64:amd64	1:1.2.1-1.2build1	amd64
libxtables12:amd64	1.8.10-3ubuntu2	amd64
libxtst6:amd64	2:1.2.3-1.1build1	amd64
libxv1:amd64	2:1.0.11-1.1build1	amd64
libxvidcore4:amd64	2:1.3.7-1build1	amd64
libxvmc1:amd64	2:1.0.12-2build3	amd64
libxxf86dga1:amd64	2:1.1.5-1build1	amd64
libxxf86vm1:amd64	1:1.1.4-1build4	amd64
libxxhash0:amd64	0.8.2-2build1	amd64
libyaml-0-2:amd64	0.2.5-1build1	amd64
libyaml-cpp0.8:amd64	0.8.0+dfsg-6build1	amd64
libyelp0:amd64	42.2-1ubuntu0.24.04.1	amd64
libzimg2:amd64	3.0.5+ds1-1build1	amd64
libzix-0-0:amd64	0.4.2-2build1	amd64
libzmq5:amd64	4.3.5-1build2	amd64
libzstd1:amd64	1.5.5+dfsg2-2build1.1	amd64
libzvbi-common	0.2.42-2	all
libzvbi0t64:amd64	0.2.42-2	amd64
linux-base	4.5ubuntu9+24.04.2	all
linux-firmware	20240318.git3b128b60-0ubuntu2.26	amd64
linux-generic-hwe-24.04	6.17.0-35.35~24.04.1	amd64
linux-headers-6.17.0-29-generic	6.17.0-29.29~24.04.1	amd64
linux-headers-6.17.0-35-generic	6.17.0-35.35~24.04.1	amd64
linux-headers-generic-hwe-24.04	6.17.0-35.35~24.04.1	amd64
linux-hwe-6.17-headers-6.17.0-29	6.17.0-29.29~24.04.1	all
linux-hwe-6.17-headers-6.17.0-35	6.17.0-35.35~24.04.1	all
linux-hwe-6.17-tools-6.17.0-29	6.17.0-29.29~24.04.1	amd64
linux-hwe-6.17-tools-6.17.0-35	6.17.0-35.35~24.04.1	amd64
linux-image-6.17.0-29-generic	6.17.0-29.29~24.04.1	amd64
linux-image-6.17.0-35-generic	6.17.0-35.35~24.04.1	amd64
linux-image-generic-hwe-24.04	6.17.0-35.35~24.04.1	amd64
linux-libc-dev:amd64	6.8.0-124.124	amd64
linux-modules-6.17.0-29-generic	6.17.0-29.29~24.04.1	amd64
linux-modules-6.17.0-35-generic	6.17.0-35.35~24.04.1	amd64
linux-modules-extra-6.17.0-29-generic	6.17.0-29.29~24.04.1	amd64
linux-modules-extra-6.17.0-35-generic	6.17.0-35.35~24.04.1	amd64
linux-sound-base	1.0.25+dfsg-0ubuntu7	all
linux-tools-6.17.0-29-generic	6.17.0-29.29~24.04.1	amd64
linux-tools-6.17.0-35-generic	6.17.0-35.35~24.04.1	amd64
linux-tools-common	6.8.0-124.124	all
locales	2.39-0ubuntu8.7	all
login	1:4.13+dfsg1-4ubuntu3.2	amd64
logrotate	3.21.0-2build1	amd64
logsave	1.47.0-2.4~exp1ubuntu4.1	amd64
lsb-release	12.0-2	all
lshw	02.19.git.2021.06.19.996aaad9c7-2build3	amd64
lsof	4.95.0-1build3	amd64
lto-disabled-list	47	all
m17n-db	1.8.5-1	all
make	4.3-4.1build2	amd64
man-db	2.12.0-4build2	amd64
manpages	6.7-2	all
manpages-dev	6.7-2	all
mawk	1.3.4.20240123-1build1	amd64
media-types	10.1.0	all
memtest86+	7.00-1build1	amd64
mesa-libgallium:amd64	25.2.8-0ubuntu0.24.04.1	amd64
mesa-va-drivers:amd64	25.2.8-0ubuntu0.24.04.1	amd64
mesa-vdpau-drivers:amd64	25.2.8-0ubuntu0.24.04.1	amd64
mesa-vulkan-drivers:amd64	25.2.8-0ubuntu0.24.04.1	amd64
mobile-broadband-provider-info	20230416-1	all
modemmanager	1.23.4-0ubuntu2	amd64
mokutil	0.6.0-2build3	amd64
mount	2.39.3-9ubuntu6.5	amd64
mousetweaks	3.32.0-4build2	amd64
mscompress	0.4-10build1	amd64
mtr-tiny	0.95-1.1ubuntu0.1	amd64
mutter-common	46.2-1ubuntu0.24.04.14	all
mutter-common-bin	46.2-1ubuntu0.24.04.14	amd64
nano	7.2-2ubuntu0.2	amd64
nautilus	1:46.4-0ubuntu0.2	amd64
nautilus-data	1:46.4-0ubuntu0.2	all
nautilus-extension-gnome-terminal:amd64	3.52.0-1ubuntu2	amd64
nautilus-sendto	3.8.6-7build2	amd64
ncurses-base	6.4+20240113-1ubuntu2	all
ncurses-bin	6.4+20240113-1ubuntu2	amd64
net-tools	2.10-0.1ubuntu4.4	amd64
netbase	6.4	all
netcat-openbsd	1.226-1ubuntu2	amd64
netplan-generator	1.1.2-8ubuntu1~24.04.1	amd64
netplan.io	1.1.2-8ubuntu1~24.04.1	amd64
network-manager	1.46.0-1ubuntu2.6	amd64
network-manager-config-connectivity-ubuntu	1.46.0-1ubuntu2.6	all
network-manager-gnome	1.34.0-1ubuntu3	amd64
network-manager-openvpn	1.10.2-4ubuntu0.2	amd64
network-manager-openvpn-gnome	1.10.2-4ubuntu0.2	amd64
network-manager-pptp	1.2.12-3build2	amd64
network-manager-pptp-gnome	1.2.12-3build2	amd64
networkd-dispatcher	2.2.4-1	all
nftables	1.0.9-1ubuntu0.1	amd64
nmap	7.94+git20230807.3be01efb1+dfsg-3build2	amd64
nmap-common	7.94+git20230807.3be01efb1+dfsg-3build2	all
node-abbrev	1.1.1+~1.1.2-1	all
node-acorn	8.8.1+ds+~cs25.17.7-2	all
node-agent-base	7.1.0~0~2023071921-5	all
node-ajv	8.12.0~ds+~2.1.1-4	all
node-ajv-keywords	5.1.0-4	all
node-ampproject-remapping	2.2.0+~cs5.15.37-1	all
node-ansi-escapes	5.0.0+really.4.3.1-1	all
node-ansi-regex	5.0.1-1	all
node-ansi-styles	6.2.1-2	all
node-anymatch	3.1.3+~cs4.6.1-2	all
node-aproba	2.0.0-3	all
node-archy	1.0.0-6	all
node-are-we-there-yet	3.0.1+~1.1.0-1	all
node-argparse	2.0.1-2	all
node-arrify	2.0.1-3	all
node-assert	2.0.0+~cs3.9.8-2	all
node-async	0.8.0-6	all
node-async-each	1.0.3-3	all
node-auto-bind	4.0.0-2	all
node-babel-helper-define-polyfill-provider	0.3.3~0~20220913+ds1-1	all
node-babel-plugin-add-module-exports	1.0.4+dfsg1~cs5.8.0-4	all
node-babel-plugin-lodash	3.3.4+~cs2.0.1-7	all
node-babel-plugin-polyfill-corejs2	0.3.3~0~20220913+ds1-1	all
node-babel-plugin-polyfill-corejs3	0.6.0~0~20220913+ds1-1	all
node-babel-plugin-polyfill-regenerator	0.4.1~0~20220913+ds1-1	all
node-babel7	7.20.15+ds1+~cs214.269.168-6build1	all
node-babel7-runtime	7.20.15+ds1+~cs214.269.168-6build1	all
node-balanced-match	2.0.0-1	all
node-base	3.0.0-3	all
node-base64-js	1.5.1+dfsg+~1.3.0-2	all
node-binary-extensions	2.2.0-2	all
node-brace-expansion	2.0.1+~1.1.0-1	all
node-braces	3.0.2+~3.0.1-1	all
node-browserslist	4.22.1+~cs6.1.28-1	all
node-builtins	5.0.1-1	all
node-busboy	1.6.0+~cs2.6.0-2	all
node-cacache	17.0.3+~cs10.3.7-1	all
node-cache-base	4.0.2-1	all
node-camelcase	7.0.0-3	all
node-caniuse-lite	1.0.30001571+dfsg+~1.0.5-1	all
node-chalk	5.3.0-1build1	all
node-chokidar	3.6.0-2	all
node-chownr	2.0.0-2	all
node-chrome-trace-event	1.0.3-2	all
node-ci-info	4.0.0+~cs1.1.0-1build2	all
node-cjs-module-lexer	1.2.3+dfsg-1	all
node-cli-boxes	3.0.0-1build2	all
node-cli-cursor	4.0.0-3	all
node-cli-table	0.3.11+~cs0.13.4-3	all
node-cli-truncate	2.1.0-5	all
node-cliui	7.0.4+repack+~cs3.1.0-4	all
node-clone	2.1.2+~2.1.2-1	all
node-clone-deep	4.0.1+~cs7.0.2-1	all
node-collection-visit	1.0.0-4	all
node-color-convert	2.0.1+~cs2.0.0-2	all
node-color-name	1.1.4+~1.1.1-2	all
node-colors	1.4.0-4	all
node-columnify	1.6.0+~1.5.1-1	all
node-commander	9.4.1-1	all
node-commondir	1.0.1+~1.0.0-1	all
node-concat-stream	2.0.0+~2.0.0-2	all
node-console-control-strings	1.1.0-3	all
node-convert-source-map	1.9.0+~1.5.2-1	all
node-copy-concurrently	1.0.5-9	all
node-core-js	3.33.2-1build2	all
node-core-js-compat	3.33.2-1build2	all
node-core-js-pure	3.33.2-1build2	all
node-core-util-is	1.0.3-1	all
node-coveralls	3.1.1-2build1	all
node-css-loader	6.8.1+~cs14.0.17-1	all
node-css-selector-tokenizer	0.8.0+~cs4.8.3-1	all
node-data-uri-to-buffer	5.0.1~0~2023071921-5	all
node-debbundle-es-to-primitive	1.2.1+~cs9.7.25-2	all
node-debug	4.3.4+~cs4.1.7-1	all
node-decamelize	4.0.0-2	all
node-decompress-response	6.0.0-2	all
node-deep-equal	2.2.3+~cs43.15.94-1	all
node-deep-is	0.1.4-1	all
node-defaults	1.0.4+~1.0.3-1	all
node-define-properties	1.2.1+~cs2.2.3-1	all
node-define-property	2.0.2+really+2.0.2-3	all
node-defined	1.0.1+~1.0.0-1	all
node-del	7.0.0-5	all
node-delegates	1.0.0-3	all
node-depd	2.0.0-2	all
node-diff	5.0.0~dfsg+~5.0.1-4	all
node-doctrine	3.0.0-4	all
node-electron-to-chromium	1.4.616-1	all
node-encoding	0.1.13-2	all
node-end-of-stream	1.4.4+~1.4.1-1	all
node-enhanced-resolve	5.15.0-1	all
node-err-code	2.0.3+dfsg-3	all
node-errno	1.0.0-3	all
node-error-ex	1.3.2-4	all
node-es-abstract	1.20.4+~cs26.27.47-1	all
node-es-module-lexer	1.1.0+dfsg-3	all
node-es6-error	4.1.1-5	all
node-escape-string-regexp	4.0.0-2	all
node-escodegen	2.1.0+dfsg+~0.0.8-1	all
node-eslint-scope	7.1.1+~3.7.4-1	all
node-eslint-utils	3.0.0-3	all
node-eslint-visitor-keys	3.3.0+~1.0.0-1	all
node-espree	9.4.1~dfsg-2	all
node-esprima	4.0.1+ds+~4.0.3-2	all
node-esquery	1.4.2~ds-1	all
node-esrecurse	4.3.0-2	all
node-estraverse	5.3.0+ds+~5.1.1-1	all
node-esutils	2.0.3+~2.0.0-1	all
node-events	3.3.0+~3.0.0-3	all
node-fancy-log	1.3.3+~cs1.3.1-2	all
node-fast-deep-equal	3.1.3-3	all
node-fast-levenshtein	2.0.6+ds-3	all
node-fetch	3.3.2+~cs11.4.11-1	all
node-file-entry-cache	6.0.1+~3.0.4+~2.0.0+~1.0.0+~2.0.1-1	all
node-fill-range	7.0.1+~7.0.0-1	all
node-find-cache-dir	3.3.2+~3.2.1-1	all
node-find-up	6.3.0-7	all
node-flat-cache	3.0.4~6.0.1+~3.0.4+~2.0.0+~1.0.0+~2.0.1-1	all
node-flatted	3.2.7~ds-1	all
node-for-in	1.0.2-4	all
node-for-own	1.0.0-3	all
node-foreground-child	3.1.1-2	all
node-fs-readdir-recursive	1.1.0+~1.1.0-1	all
node-fs-write-stream-atomic	1.0.10-6	all
node-fs.realpath	1.0.0-3	all
node-function-bind	1.1.2+~cs2.1.14-1	all
node-functional-red-black-tree	1.0.1+20181105-7	all
node-gauge	4.0.4-2	all
node-get-caller-file	2.0.5+~cs1.1.1-4	all
node-get-stream	6.0.1-1	all
node-get-value	1:3.0.1-4	all
node-glob	8.1.0+~cs8.5.15-1	all
node-glob-parent	6.0.2+~5.1.1-2	all
node-globals	13.23.0-1	all
node-globby	13.1.3+~cs16.25.40-2	all
node-got	11.8.5+~cs58.13.36-3	all
node-graceful-fs	4.2.10-1	all
node-growl	1.10.5-4	all
node-gyp	9.3.0-3	all
node-has-flag	4.0.0-3	all
node-has-unicode	2.0.1-5	all
node-has-value	2.0.2-4	all
node-has-values	2.0.1-4	all
node-hosted-git-info	6.1.1-2	all
node-http-proxy-agent	7.0.0~0~2023071921-5	all
node-https-proxy-agent	7.0.1~0~2023071921-5	all
node-iconv-lite	0.6.3-3	all
node-icss-utils	5.1.0+~5.1.0-1	all
node-ieee754	1.2.1-3	all
node-iferr	1.0.2+~1.0.2-1	all
node-ignore	5.2.1-1	all
node-imurmurhash	0.1.4+dfsg+~0.1.1-2	all
node-indent-string	4.0.0-2	all
node-inflight	1.0.6-2	all
node-inherits	2.0.4-6	all
node-ini	3.0.1-2	all
node-interpret	2.2.0-3	all
node-ip	2.0.0+~1.1.0-1ubuntu1	all
node-ip-regex	4.3.0+~4.1.1-1	all
node-is-arrayish	0.3.2-3	all
node-is-binary-path	2.1.0-5	all
node-is-buffer	2.0.5-2	all
node-is-descriptor	3.0.0-2	all
node-is-extendable	1.0.1-3	all
node-is-extglob	2.1.1-5	all
node-is-glob	4.0.3-2	all
node-is-number	7.0.0-4	all
node-is-path-cwd	2.2.0-2	all
node-is-path-inside	3.0.3-2	all
node-is-plain-obj	3.0.0-2	all
node-is-plain-object	5.0.0-7	all
node-is-primitive	3.0.1-3	all
node-is-stream	3.0.0-4	all
node-is-typedarray	1.0.0-4	all
node-is-windows	1.0.2+~cs1.0.0-1	all
node-isarray	2.0.5-4	all
node-isexe	2.0.0+~2.0.1-5	all
node-isobject	4.0.0-2	all
node-istanbul	0.4.5+repack10+~cs98.25.59-2	all
node-jest-debbundle	29.6.2~ds1+~cs73.45.28-5	all
node-jest-worker	29.6.2~ds1+~cs73.45.28-5	all
node-jquery	3.6.1+dfsg+~3.5.14-1	all
node-js-tokens	8.0.0-2	all
node-js-yaml	4.1.0+dfsg+~4.0.5-7	all
node-jsesc	3.0.2+~3.0.1-1	all
node-json-buffer	3.0.1+~3.0.0-1	all
node-json-parse-better-errors	1.0.2+~cs3.3.1-2	all
node-json-schema	0.4.0+~7.0.11-1	all
node-json-schema-traverse	1.0.0-3	all
node-json-stable-stringify	1.0.2+repack1+~cs1.0.34-2	all
node-json5	2.2.3+dfsg-1build1	all
node-jsonify	0.0.1-1	all
node-jsonparse	1.3.1-10	all
node-kind-of	6.0.3+dfsg-2	all
node-lcov-parse	1.0.0+20170612git80d039574ed9-6	all
node-levn	0.4.1+dfsg-2	all
node-loader-runner	4.3.0-1	all
node-locate-path	7.1.1-2	all
node-lodash	4.17.21+dfsg+~cs8.31.198.20210220-9	all
node-lodash-packages	4.17.21+dfsg+~cs8.31.198.20210220-9	all
node-log-driver	1.2.7+git+20180219+bba1761737-7	all
node-lowercase-keys	2.0.0-2	all
node-lru-cache	7.14.1-1	all
node-make-dir	3.1.0-3	all
node-map-visit	1.0.0-4	all
node-memfs	3.4.12+~cs1.0.3-1	all
node-memory-fs	0.5.0+~0.3.3-2	all
node-merge-stream	2.0.0+~1.1.2-2	all
node-micromatch	4.0.5+~4.0.2-1	all
node-mime	3.0.0+dfsg+~cs6.97.2-1	all
node-mime-types	2.1.35-2	all
node-mimic-response	3.1.0-8	all
node-minimatch	9.0.3-4build5	all
node-minimist	1.2.8+~cs5.3.5-1	all
node-minipass	3.3.6+~cs9.4.19-1	all
node-mixin-deep	2.0.1-3	all
node-mkdirp	1.0.4+~1.0.2-4	all
node-move-concurrently	1.0.1-5	all
node-ms	2.1.3+~cs0.7.31-3	all
node-mute-stream	0.0.8+~0.0.1-3	all
node-n3	1.16.3+~1.2.3+~1.10.4-1	all
node-negotiator	0.6.3+~0.6.1-1	all
node-neo-async	2.6.2+~cs3.0.0-3	all
node-nopt	5.0.0-4	all
node-normalize-package-data	4.0.1+~2.4.1-1	all
node-normalize-path	3.0.0+~3.0.0-1	all
node-npm-bundled	2.0.1-2	all
node-npm-package-arg	10.0.0+~3.0.0-2	all
node-npm-run-path	5.1.0+~4.0.0-8	all
node-npmlog	7.0.1+~4.1.4-1	all
node-object-assign	4.1.1-7	all
node-object-inspect	1.12.2+~cs1.8.1-1	all
node-object-visit	1.0.1-5	all
node-once	1.4.1-1	all
node-opener	1.5.2+~1.4.0-1	all
node-optimist	0.6.1+~0.0.30-2	all
node-optionator	0.9.1+dfsg+~cs1.2.3-1	all
node-osenv	0.1.5+~0.1.1-1	all
node-p-cancelable	2.1.1-1	all
node-p-limit	4.0.0+~cs4.0.0-5	all
node-p-locate	6.0.0-12	all
node-p-map	4.0.0+~3.1.0+~3.0.1-1	all
node-parse-json	5.2.0+~cs5.1.7-1	all
node-pascalcase	1.0.0-1	all
node-path-dirname	1.0.2-2	all
node-path-exists	5.0.0-8	all
node-path-is-absolute	2.0.0-2	all
node-path-is-inside	1.0.2+~1.0.0-1	all
node-path-type	4.0.0-3	all
node-picocolors	1.0.0-4	all
node-pify	5.0.0+~cs5.0.1-1	all
node-pkg-dir	5.0.0-2	all
node-postcss	8.4.31+~cs8.0.26-1	all
node-postcss-modules-extract-imports	3.0.0-2	all
node-postcss-modules-values	4.0.0+~4.0.0-1	all
node-postcss-value-parser	4.2.0-1	all
node-prelude-ls	1.2.1+dfsg-3	all
node-process-nextick-args	2.0.1-3	all
node-progress	2.0.3-2	all
node-promise-inflight	1.0.1+~1.0.0-1	all
node-promise-retry	2.0.1-4	all
node-promzard	0.3.0-2	all
node-prr	1.0.1-3	all
node-pump	3.0.0-5	all
node-punycode	2.2.3-2	all
node-quick-lru	6.1.1-4	all
node-randombytes	2.1.0+~2.0.0-2	all
node-re2:amd64	1.20.10+~cs2.13.13-1	amd64
node-read	1.0.7-5	all
node-read-package-json	5.0.2+~2.0.0-1	all
node-read-pkg	5.2.0-2	all
node-readable-stream	3.6.0+~cs3.0.0-4build1	all
node-readdirp	3.6.0-1	all
node-rechoir	0.8.0+~0.6.1-2	all
node-regenerate	1.4.2-3	all
node-regenerate-unicode-properties	10.1.0+ds-1	all
node-regenerator-runtime	0.15.2+~0.10.8-1	all
node-regenerator-transform	0.15.2+~0.10.8-1	all
node-regexpp	3.2.0-5	all
node-regexpu-core	5.2.2-3	all
node-regjsgen	0.7.1+ds-1	all
node-regjsparser	0.9.1+ds-2	all
node-repeat-string	1.6.1+repack-1	all
node-require-directory	2.1.1+~2.1.2-1	all
node-require-from-string	2.0.2+~1.2.1-1	all
node-resolve	1.22.8+~cs5.34.15-2	all
node-resolve-cwd	3.0.0-2	all
node-resolve-from	5.0.0+~3.1.0+~3.3.0+~2.0.0-1	all
node-restore-cursor	4.0.0-4	all
node-resumer	0.0.0-6	all
node-retry	0.13.1+~0.12.1-1	all
node-rimraf	3.0.2-2	all
node-run-queue	2.0.0-3	all
node-safe-buffer	5.2.1+~cs2.1.2-3	all
node-schema-utils	4.2.0~ds-3build3	all
node-sellside-emitter	1.2.1-3	all
node-semver	7.5.4+~7.5.0-2	all
node-serialize-javascript	6.0.1-1	all
node-set-blocking	2.0.0-2	all
node-set-immediate-shim	2.0.0-2	all
node-set-value	4.1.0+~4.0.1-2	all
node-shebang-command	2.0.0-1	all
node-shebang-regex	3.0.0-2	all
node-shell-quote	1.7.4+~1.7.1-1	all
node-signal-exit	4.1.0-6	all
node-slash	4.0.0-3	all
node-slice-ansi	5.0.0+~cs9.0.0-5	all
node-source-list-map	2.0.1+dfsg+~0.1.2-1	all
node-source-map	0.7.0++dfsg2+really.0.6.1-15	all
node-source-map-support	0.5.21+ds+~0.5.4-1	all
node-spdx-correct	3.1.1-2	all
node-spdx-exceptions	2.3.0-2	all
node-spdx-expression-parse	3.0.1+~3.0.1-1	all
node-spdx-license-ids	3.0.12-1	all
node-sprintf-js	1.1.2+ds1+~1.1.2-1	all
node-ssri	9.0.1-2	all
node-stack-utils	2.0.6+~2.0.1-1	all
node-string-decoder	1.3.0-6	all
node-string-width	4.2.3+~cs13.2.3-1	all
node-strip-ansi	6.0.1-2	all
node-strip-bom	4.0.0-2	all
node-strip-json-comments	4.0.0-4	all
node-supports-color	8.1.1+~8.1.1-1	all
node-tap	16.3.7+ds1+~cs50.9.19-4	all
node-tap-mocha-reporter	5.0.3+~2.0.2-2	all
node-tap-parser	11.0.2+~cs2.1.4-1	all
node-tapable	2.2.1-3	all
node-tape	5.6.1+~cs8.20.19-1	all
node-tar	6.1.13+~cs7.0.5-3	all
node-terser	5.19.2-1	all
node-text-table	0.2.0-4	all
node-through	2.3.8+~cs0.0.30-1	all
node-time-stamp	2.2.0-2	all
node-to-fast-properties	3.0.1-3	all
node-to-regex-range	5.0.1-4	all
node-tslib	2.4.1-1	all
node-type-check	0.4.0+dfsg-3	all
node-typedarray	0.0.7-1	all
node-typedarray-to-buffer	4.0.0-2	all
node-undici	5.26.3+dfsg1+~cs23.10.12-2	all
node-unicode-canonical-property-names-ecmascript	2.0.0-2	all
node-unicode-match-property-ecmascript	2.0.0-2	all
node-unicode-match-property-value-ecmascript	2.1.0+ds-1	all
node-unicode-property-aliases-ecmascript	2.1.0+ds-1	all
node-union-value	2.0.1-4	all
node-unique-filename	1.1.1+ds-2	all
node-unset-value	2.0.1-1	all
node-uri-js	4.4.0+dfsg-8	all
node-util	0.12.5+~1.0.10-1	all
node-util-deprecate	1.0.2-3	all
node-uuid	8.3.2+~8.3.3-4	all
node-v8-compile-cache	2.4.0-2	all
node-v8flags	3.2.0+~3.1.1-1	all
node-validate-npm-package-license	3.0.4-2	all
node-validate-npm-package-name	5.0.0+~4.0.0-1	all
node-watchpack	2.4.0+~cs2.8.1-1	all
node-wcwidth.js	1.0.2-2	all
node-webassemblyjs	1.11.4+dfsg+~cs10.11.17-2	all
node-webpack-sources	3.2.3+~3.2.0-2	all
node-which	2.0.2+~cs1.3.2-3	all
node-wide-align	1.1.3-4	all
node-widest-line	3.1.0-2	all
node-wordwrap	1.0.0-4	all
node-wrap-ansi	8.0.1+~8.0.1-3	all
node-wrappy	1.0.2-3	all
node-write	2.0.0~6.0.1+~3.0.4+~2.0.0+~1.0.0+~2.0.1-1	all
node-write-file-atomic	4.0.2+~4.0.0-2	all
node-ws	8.11.0+~cs13.7.3-2	all
node-xtend	4.0.2-3	all
node-y18n	5.0.8+~5.0.0-3	all
node-yallist	4.0.0+~4.0.1-1	all
node-yaml	2.3.4-1build1	all
node-yargs	16.2.0+~16.0.4-7	all
node-yargs-parser	21.1.1+~21.0.0-4	all
nodejs	18.19.1+dfsg-6ubuntu5	amd64
nodejs-doc	18.19.1+dfsg-6ubuntu5	all
npm	9.2.0~ds1-2	all
nsight-compute-2025.3.1	2025.3.1.4-1	amd64
nsight-systems-2025.3.2	2025.3.2.474-253236389321v0	amd64
ntfs-3g	1:2022.10.3-1.2ubuntu3.1	amd64
numactl	2.0.18-1ubuntu0.24.04.1	amd64
nvidia-compute-utils-580	580.159.04-1ubuntu1	amd64
nvidia-compute-utils-595	595.71.05-0ubuntu0.24.04.1	amd64
nvidia-dkms-595-open	595.71.05-0ubuntu0.24.04.1	amd64
nvidia-driver-595-open	595.71.05-0ubuntu0.24.04.1	amd64
nvidia-firmware-580-580.126.09	580.126.09-0ubuntu0.24.04.2	amd64
nvidia-firmware-595-595.71.05	595.71.05-0ubuntu0.24.04.1	amd64
nvidia-kernel-common-595	595.71.05-0ubuntu0.24.04.1	amd64
nvidia-kernel-source-595-open	595.71.05-0ubuntu0.24.04.1	amd64
nvidia-prime	0.8.17.2	all
nvidia-settings	510.47.03-0ubuntu4.24.04.1	amd64
nvidia-utils-580	580.159.04-1ubuntu1	amd64
nvidia-utils-595	595.71.05-0ubuntu0.24.04.1	amd64
obs-plugins:amd64	30.0.2+dfsg-3build1	amd64
obs-studio	30.0.2+dfsg-3build1	amd64
ocl-icd-libopencl1:amd64	2.3.2-1build1	amd64
openconnect	9.12-1build5	amd64
openjdk-21-jre-headless:amd64	21.0.11+10-1~24.04.2	amd64
openjdk-21-jre:amd64	21.0.11+10-1~24.04.2	amd64
openprinting-ppds	20230202-1	all
openssh-client	1:9.6p1-3ubuntu13.16	amd64
openssl	3.0.13-0ubuntu3.9	amd64
openvpn	2.6.19-0ubuntu0.24.04.2	amd64
orca	46.1-1ubuntu1	all
os-prober	1.81ubuntu4	amd64
p11-kit	0.25.3-4ubuntu2.1	amd64
p11-kit-modules:amd64	0.25.3-4ubuntu2.1	amd64
p7zip-full	16.02+transitional.1	all
packagekit	1.2.8-2ubuntu1.5	amd64
packagekit-tools	1.2.8-2ubuntu1.5	amd64
pahole	1.25-0ubuntu3	amd64
parted	3.6-4build1	amd64
passwd	1:4.13+dfsg1-4ubuntu3.2	amd64
patch	2.7.6-7build3	amd64
pci.ids	0.0~2024.03.31-1ubuntu0.1	all
pciutils	1:3.10.0-2build1	amd64
pcmciautils	018-14build1	amd64
perl	5.38.2-3.2ubuntu0.2	amd64
perl-base	5.38.2-3.2ubuntu0.2	amd64
perl-modules-5.38	5.38.2-3.2ubuntu0.2	all
perl-openssl-defaults:amd64	7build3	amd64
pinentry-curses	1.2.1-3ubuntu5	amd64
pinentry-gnome3	1.2.1-3ubuntu5	amd64
pipewire-alsa:amd64	1.0.5-1ubuntu3.2	amd64
pipewire-audio	1.0.5-1ubuntu3.2	all
pipewire-bin	1.0.5-1ubuntu3.2	amd64
pipewire-pulse	1.0.5-1ubuntu3.2	amd64
pipewire:amd64	1.0.5-1ubuntu3.2	amd64
pkexec	124-2ubuntu1.24.04.3	amd64
pkg-config:amd64	1.8.1-2build1	amd64
pkgconf-bin	1.8.1-2build1	amd64
pkgconf:amd64	1.8.1-2build1	amd64
plymouth	24.004.60-1ubuntu7.1	amd64
plymouth-label	24.004.60-1ubuntu7.1	amd64
plymouth-theme-spinner	24.004.60-1ubuntu7.1	amd64
plymouth-theme-ubuntu-text	24.004.60-1ubuntu7.1	amd64
pocketsphinx-en-us	0.8.0+real5prealpha+1-15ubuntu5	all
policykit-1	124-2ubuntu1.24.04.3	amd64
policykit-desktop-privileges	0.22	all
polkitd	124-2ubuntu1.24.04.3	amd64
poppler-data	0.4.12-1	all
poppler-utils	24.02.0-1ubuntu9.8	amd64
power-profiles-daemon	0.21-1ubuntu1	amd64
powermgmt-base	1.37ubuntu0.1	all
ppp	2.4.9-1+1.1ubuntu4	amd64
pptp-linux	1.10.0-1build4	amd64
printer-driver-brlaser	6-3build2	amd64
printer-driver-c2esp	27-11ubuntu7	amd64
printer-driver-foo2zjs	20200505dfsg0-2ubuntu6	amd64
printer-driver-foo2zjs-common	20200505dfsg0-2ubuntu6	all
printer-driver-hpcups	3.23.12+dfsg0-0ubuntu5	amd64
printer-driver-m2300w	0.51-15build2	amd64
printer-driver-min12xxw	0.0.9-11build3	amd64
printer-driver-pnm2ppa	1.13+nondbs-0ubuntu10	amd64
printer-driver-postscript-hp	3.23.12+dfsg0-0ubuntu5	amd64
printer-driver-ptouch	1.7-1build2	amd64
printer-driver-pxljr	1.4+repack0-6build2	amd64
printer-driver-sag-gdi	0.1-8	all
printer-driver-splix	2.0.0+svn315-7fakesync1ubuntu1	amd64
procps	2:4.0.4-4ubuntu3.2	amd64
psmisc	23.7-1build1	amd64
publicsuffix	20231001.0357-0.1	all
pulsesecure	9.1.R14	amd64
python-apt-common	2.7.7ubuntu5.2	all
python-babel-localedata	2.10.3-3build1	all
python3	3.12.3-0ubuntu2.1	amd64
python3-apport	2.28.1-0ubuntu3.8	all
python3-apt	2.7.7ubuntu5.2	amd64
python3-aptdaemon	1.1.1+bzr982-0ubuntu44	all
python3-aptdaemon.gtk3widgets	1.1.1+bzr982-0ubuntu44	all
python3-asn1crypto	1.5.1-3	all
python3-attr	23.2.0-2	all
python3-babel	2.10.3-3build1	all
python3-blinker	1.7.0-1	all
python3-bpfcc	0.29.1+ds-1ubuntu7	all
python3-brlapi:amd64	6.6-4ubuntu5	amd64
python3-cairo	1.25.1-2build2	amd64
python3-certifi	2023.11.17-1	all
python3-cffi-backend:amd64	1.16.0-2build1	amd64
python3-chardet	5.2.0+dfsg-1	all
python3-click	8.1.6-2	all
python3-colorama	0.4.6-4	all
python3-commandnotfound	23.04.0	all
python3-configobj	5.0.8-3	all
python3-cryptography	41.0.7-4ubuntu0.4	amd64
python3-cups:amd64	2.0.1-5build6	amd64
python3-cupshelpers	1.5.18-1ubuntu9	all
python3-dateutil	2.8.2-3ubuntu1	all
python3-dbus	1.3.2-5build3	amd64
python3-debconf	1.5.86ubuntu1	all
python3-debian	0.1.49ubuntu2	all
python3-defer	1.0.6-2.1ubuntu1	all
python3-dev	3.12.3-0ubuntu2.1	amd64
python3-distro	1.9.0-1	all
python3-distro-info	1.7build1	all
python3-distupgrade	1:24.04.28	all
python3-gdbm:amd64	3.12.3-0ubuntu1	amd64
python3-gi	3.48.2-1	amd64
python3-html5lib	1.1-6	all
python3-httplib2	0.20.4-3	all
python3-ibus-1.0	1.5.29-2	all
python3-idna	3.6-2ubuntu0.1	all
python3-jinja2	3.1.2-1ubuntu1.3	all
python3-json-pointer	2.0-0ubuntu1	all
python3-jsonpatch	1.32-3	all
python3-jsonschema	4.10.3-2ubuntu1	all
python3-jwt	2.7.0-1ubuntu0.1	all
python3-launchpadlib	1.11.0-6	all
python3-lazr.restfulclient	0.14.6-1	all
python3-lazr.uri	1.0.6-3	all
python3-louis	3.29.0-1build1	all
python3-markdown-it	3.0.0-2	all
python3-markupsafe	2.1.5-1build2	amd64
python3-mdurl	0.1.2-1	all
python3-mechanize	1:0.4.9+ds-2	all
python3-minimal	3.12.3-0ubuntu2.1	amd64
python3-netaddr	0.8.0-2ubuntu1	all
python3-netifaces:amd64	0.11.0-2build3	amd64
python3-netplan	1.1.2-8ubuntu1~24.04.1	amd64
python3-numpy	1:1.26.4+ds-6ubuntu1	amd64
python3-oauthlib	3.2.2-1	all
python3-olefile	0.46-3	all
python3-pexpect	4.9-2	all
python3-pil:amd64	10.2.0-1ubuntu1	amd64
python3-pip	24.0+dfsg-1ubuntu1.3	all
python3-pip-whl	24.0+dfsg-1ubuntu1.3	all
python3-pkg-resources	68.1.2-2ubuntu1.2	all
python3-problem-report	2.28.1-0ubuntu3.8	all
python3-ptyprocess	0.7.0-5	all
python3-pygments	2.17.2+dfsg-1	all
python3-pyparsing	3.1.1-1	all
python3-pyqt5	5.15.10+dfsg-1build6	amd64
python3-pyqt5.sip	12.13.0-1build3	amd64
python3-pyrsistent:amd64	0.20.0-1build2	amd64
python3-requests	2.31.0+dfsg-1ubuntu1.1	all
python3-rich	13.7.1-1	all
python3-serial	3.5-2	all
python3-setuptools	68.1.2-2ubuntu1.2	all
python3-setuptools-whl	68.1.2-2ubuntu1.2	all
python3-six	1.16.0-4	all
python3-software-properties	0.99.49.4	all
python3-speechd	0.12.0~rc2-2build3	all
python3-sss	2.9.4-1.1ubuntu6.5	amd64
python3-systemd	235-1build4	amd64
python3-typing-extensions	4.10.0-1	all
python3-tz	2024.1-2	all
python3-update-manager	1:24.04.12	all
python3-urllib3	2.0.7-1ubuntu0.7	all
python3-wadllib	1.3.6-5	all
python3-webencodings	0.5.1-5	all
python3-wheel	0.42.0-2	all
python3-xdg	0.28-2	all
python3-xkit	0.5.0ubuntu6	all
python3-yaml	6.0.1-2build2	amd64
python3.12	3.12.3-1ubuntu0.13	amd64
python3.12-dev	3.12.3-1ubuntu0.13	amd64
python3.12-minimal	3.12.3-1ubuntu0.13	amd64
python3.12-venv	3.12.3-1ubuntu0.13	amd64
qml-module-qtgraphicaleffects:amd64	5.15.13-1	amd64
qml-module-qtquick-controls2:amd64	5.15.13+dfsg-1	amd64
qml-module-qtquick-layouts:amd64	5.15.13+dfsg-1ubuntu0.1	amd64
qml-module-qtquick-templates2:amd64	5.15.13+dfsg-1	amd64
qml-module-qtquick-window2:amd64	5.15.13+dfsg-1ubuntu0.1	amd64
qml-module-qtquick2:amd64	5.15.13+dfsg-1ubuntu0.1	amd64
qt5-gtk-platformtheme:amd64	5.15.13+dfsg-1ubuntu1	amd64
qt6-gtk-platformtheme:amd64	6.4.2+dfsg-21.1build5	amd64
qt6-image-formats-plugins	6.4.2-5build2	amd64
qt6-qpa-plugins:amd64	6.4.2+dfsg-21.1build5	amd64
qt6-translations-l10n	6.4.2-1	all
qt6-wayland:amd64	6.4.2-5build3	amd64
qtspeech5-speechd-plugin:amd64	5.15.13-1	amd64
qttranslations5-l10n	5.15.13-1	all
qtwayland5:amd64	5.15.13-1	amd64
readline-common	8.2-4build1	all
redshift	1.12-4.2ubuntu4	amd64
redshift-gtk	1.12-4.2ubuntu4	all
rfkill	2.39.3-9ubuntu6.5	amd64
rime-data-bopomofo	0.0~git20210131.c7618f4-3	amd64
rime-data-cangjie5	0.0~git20231211.75b1032-1	amd64
rime-data-luna-pinyin	0.0~git20230204.79aeae2-4	amd64
rime-data-stroke	0.0~git20231207.65fdbbf-1	amd64
rime-data-terra-pinyin	0.0~git20230206.9427853-2	amd64
rime-essay	0.0~git20230204.e0519d0-1	all
rime-prelude	0.0~git20220409.dd84abe-1	all
rpcsvc-proto	1.4.2-0ubuntu7	amd64
rpi-imager	1.8.5+noembed-0ubuntu5	amd64
rsync	3.2.7-1ubuntu1.4	amd64
rsyslog	8.2312.0-3ubuntu9.1	amd64
rtkit	0.13-5build1	amd64
rygel	0.42.5-1ubuntu3	amd64
samba-libs:amd64	2:4.19.5+dfsg-4ubuntu9.6	amd64
sane-airscan	0.99.29-0ubuntu4	amd64
sane-utils	1.2.1-7build4	amd64
sbsigntool	0.9.4-3.1ubuntu7	amd64
screen-resolution-extra	0.18.3ubuntu0.24.04.1	all
seahorse	43.0-3build2	amd64
secureboot-db	1.9build1	amd64
sed	4.9-2ubuntu0.24.04.1	amd64
sensible-utils	0.0.22	all
session-migration	0.3.9build1	amd64
sgml-base	1.31	all
sgml-data	2.0.11+nmu1	all
shared-mime-info	2.4-4	amd64
shim-signed	1.58+15.8-0ubuntu1	amd64
snapd	2.73+ubuntu24.04.2	amd64
software-properties-common	0.99.49.4	all
software-properties-gtk	0.99.49.4	all
sound-icons	0.1-8	all
sound-theme-freedesktop	0.8-2ubuntu1	all
speech-dispatcher	0.12.0~rc2-2build3	amd64
speech-dispatcher-audio-plugins:amd64	0.12.0~rc2-2build3	amd64
speech-dispatcher-espeak-ng	0.12.0~rc2-2build3	amd64
spice-vdagent	0.22.1-4build3	amd64
squashfs-tools	1:4.6.1-1build1	amd64
sshpass	1.09-1	amd64
ssl-cert	1.1.2ubuntu1	all
sssd	2.9.4-1.1ubuntu6.5	amd64
sssd-ad	2.9.4-1.1ubuntu6.5	amd64
sssd-ad-common	2.9.4-1.1ubuntu6.5	amd64
sssd-common	2.9.4-1.1ubuntu6.5	amd64
sssd-ipa	2.9.4-1.1ubuntu6.5	amd64
sssd-krb5	2.9.4-1.1ubuntu6.5	amd64
sssd-krb5-common	2.9.4-1.1ubuntu6.5	amd64
sssd-ldap	2.9.4-1.1ubuntu6.5	amd64
sssd-proxy	2.9.4-1.1ubuntu6.5	amd64
strace	6.8-0ubuntu2	amd64
sudo	1.9.15p5-3ubuntu5.24.04.2	amd64
switcheroo-control	2.6-2build2	amd64
sysstat	12.6.1-2	amd64
system-config-printer-common	1.5.18-1ubuntu9	all
system-config-printer-udev	1.5.18-1ubuntu9	amd64
systemd	255.4-1ubuntu8.14	amd64
systemd-dev	255.4-1ubuntu8.14	all
systemd-hwe-hwdb	255.1.7	all
systemd-oomd	255.4-1ubuntu8.14	amd64
systemd-resolved	255.4-1ubuntu8.14	amd64
systemd-sysv	255.4-1ubuntu8.14	amd64
sysvinit-utils	3.08-6ubuntu3	amd64
tar	1.35+dfsg-3build1	amd64
tcl	8.6.14build1	amd64
tcl8.6	8.6.14+dfsg-1build1	amd64
tcpdump	4.99.4-3ubuntu4.24.04.1	amd64
tecla	46.0-1ubuntu0.1	amd64
telnet	0.17+2.5-3ubuntu4.1	all
terser	5.19.2-1	all
thermald	2.5.6-2ubuntu0.24.04.3	amd64
time	1.9-0.2build1	amd64
tnftp	20230507-2build3	amd64
tpm-udev	0.6ubuntu1	all
trace-cmd	3.2-1ubuntu2	amd64
tracker	3.7.1-1build1	amd64
tracker-extract	3.7.1-1ubuntu0.1	amd64
tracker-miner-fs	3.7.1-1ubuntu0.1	amd64
tzdata	2026a-0ubuntu0.24.04.1	all
tzdata-legacy	2026a-0ubuntu0.24.04.1	all
ubuntu-advantage-desktop-daemon	1.11ubuntu0.1	amd64
ubuntu-desktop-minimal	1.539.2	amd64
ubuntu-docs	24.04.2	all
ubuntu-drivers-common	1:0.9.7.6ubuntu3.6	amd64
ubuntu-kernel-accessories	1.539.2	amd64
ubuntu-keyring	2023.11.28.1	all
ubuntu-minimal	1.539.2	amd64
ubuntu-mono	24.04-0ubuntu1	all
ubuntu-pro-client	37.1ubuntu0~24.04	amd64
ubuntu-pro-client-l10n	37.1ubuntu0~24.04	amd64
ubuntu-release-upgrader-core	1:24.04.28	all
ubuntu-release-upgrader-gtk	1:24.04.28	all
ubuntu-report	1.7.3ubuntu0.24.04.3	amd64
ubuntu-restricted-addons	29	amd64
ubuntu-session	46.0-1ubuntu4	all
ubuntu-settings	24.04.6	all
ubuntu-standard	1.539.2	amd64
ubuntu-wallpapers	24.04.2	all
ubuntu-wallpapers-noble	24.04.2	all
ucf	3.0043+nmu1	all
udev	255.4-1ubuntu8.14	amd64
udisks2	2.10.1-6ubuntu1.3	amd64
ufw	0.36.2-6	all
unattended-upgrades	2.9.1+nmu4ubuntu1	all
unzip	6.0-28ubuntu4.1	amd64
update-inetd	4.53	all
update-manager	1:24.04.12	all
update-manager-core	1:24.04.12	all
update-notifier	3.192.68.2	amd64
update-notifier-common	3.192.68.2	all
upower	1.90.3-1	amd64
usb-modeswitch	2.6.1-3ubuntu3	amd64
usb-modeswitch-data	20191128-6	all
usb.ids	2024.03.18-1	all
usbmuxd	1.1.1-5~exp3ubuntu2.1	amd64
usbutils	1:017-3build1	amd64
user-session-migration	0.4.1ubuntu3	amd64
util-linux	2.39.3-9ubuntu6.5	amd64
uuid-runtime	2.39.3-9ubuntu6.5	amd64
va-driver-all:amd64	2.20.0-2ubuntu0.1	amd64
vdpau-driver-all:amd64	1.5-2build1	amd64
vim	2:9.1.0016-1ubuntu7.14	amd64
vim-common	2:9.1.0016-1ubuntu7.14	all
vim-runtime	2:9.1.0016-1ubuntu7.14	all
vim-tiny	2:9.1.0016-1ubuntu7.14	amd64
vlc	3.0.20-3build6	amd64
vlc-bin	3.0.20-3build6	amd64
vlc-data	3.0.20-3build6	all
vlc-l10n	3.0.20-3build6	all
vlc-plugin-access-extra:amd64	3.0.20-3build6	amd64
vlc-plugin-base:amd64	3.0.20-3build6	amd64
vlc-plugin-notify:amd64	3.0.20-3build6	amd64
vlc-plugin-qt:amd64	3.0.20-3build6	amd64
vlc-plugin-samba:amd64	3.0.20-3build6	amd64
vlc-plugin-skins2:amd64	3.0.20-3build6	amd64
vlc-plugin-video-output:amd64	3.0.20-3build6	amd64
vlc-plugin-video-splitter:amd64	3.0.20-3build6	amd64
vlc-plugin-visualization:amd64	3.0.20-3build6	amd64
vpnc-scripts	0.1~git20220510-1	all
wamerican	2020.12.07-2	all
wbritish	2020.12.07-2	all
webp-pixbuf-loader:amd64	0.2.4-2build2	amd64
webpack	5.76.1+dfsg1+~cs17.16.16-1	all
wget	1.21.4-1ubuntu4.1	amd64
whiptail	0.52.24-2ubuntu2	amd64
whoopsie	0.2.77ubuntu0.1	amd64
whoopsie-preferences	23build3	amd64
wireless-regdb	2025.10.07-0ubuntu1~24.04.1	all
wireless-tools	30~pre9-16.1ubuntu2	amd64
wireplumber	0.4.17-1ubuntu4.1	amd64
wpasupplicant	2:2.10-21ubuntu0.4	amd64
x11-apps	7.7+11build3	amd64
x11-common	1:7.7+23ubuntu3	all
x11-session-utils	7.7+6build2	amd64
x11-utils	7.7+6build2	amd64
x11-xkb-utils	7.7+8build2	amd64
x11-xserver-utils	7.7+10build2	amd64
xauth	1:1.1.2-1build1	amd64
xbitmaps	1.1.1-2.2	all
xbrlapi	6.6-4ubuntu5	amd64
xcursor-themes	1.0.6-0ubuntu1	all
xcvt	0.1.2-1build1	amd64
xdg-dbus-proxy	0.1.5-1ubuntu0.2	amd64
xdg-desktop-portal	1.18.4-1ubuntu2.24.04.2	amd64
xdg-desktop-portal-gnome	46.2-0ubuntu1	amd64
xdg-desktop-portal-gtk	1.15.1-1build2	amd64
xdg-user-dirs	0.18-1build1	amd64
xdg-user-dirs-gtk	0.11-1build2	amd64
xdg-utils	1.1.3-4.1ubuntu3	all
xdotool	1:3.20160805.1-5build1	amd64
xfonts-base	1:1.0.5+nmu1	all
xfonts-encodings	1:1.0.5-0ubuntu2	all
xfonts-scalable	1:1.0.3-1.3	all
xfonts-utils	1:7.7+6build3	amd64
xinit	1.4.1-0ubuntu5	amd64
xinput	1.6.4-1build1	amd64
xkb-data	2.41-2ubuntu1.1	all
xml-core	0.19	all
xorg	1:7.7+23ubuntu3	amd64
xorg-docs-core	1:1.7.1-1.2	all
xserver-common	2:21.1.12-1ubuntu1.5	all
xserver-xephyr	2:21.1.12-1ubuntu1.5	amd64
xserver-xorg	1:7.7+23ubuntu3	amd64
xserver-xorg-core	2:21.1.12-1ubuntu1.5	amd64
xserver-xorg-input-all	1:7.7+23ubuntu3	amd64
xserver-xorg-input-libinput	1.4.0-1ubuntu24.04.1	amd64
xserver-xorg-input-wacom	1:1.2.0-1ubuntu2	amd64
xserver-xorg-legacy	2:21.1.12-1ubuntu1.5	amd64
xserver-xorg-video-all	1:7.7+23ubuntu3	amd64
xserver-xorg-video-amdgpu	23.0.0-1ubuntu0.24.04.1	amd64
xserver-xorg-video-ati	1:22.0.0-1build1	amd64
xserver-xorg-video-fbdev	1:0.5.0-2build2	amd64
xserver-xorg-video-intel	2:2.99.917+git20210115-1build1	amd64
xserver-xorg-video-nouveau	1:1.0.17-2ubuntu0.1	amd64
xserver-xorg-video-nvidia-595	595.71.05-0ubuntu0.24.04.1	amd64
xserver-xorg-video-qxl	0.1.6-1build1	amd64
xserver-xorg-video-radeon	1:22.0.0-1build1	amd64
xserver-xorg-video-vesa	1:2.6.0-1ubuntu0.1	amd64
xserver-xorg-video-vmware	1:13.4.0-1build1	amd64
xwayland	2:23.2.6-1ubuntu0.8	amd64
xxd	2:9.1.0016-1ubuntu7.14	amd64
xz-utils	5.6.1+really5.4.5-1ubuntu0.3	amd64
yaru-theme-gnome-shell	24.04.2-0ubuntu1	all
yaru-theme-gtk	24.04.2-0ubuntu1	all
yaru-theme-icon	24.04.2-0ubuntu1	all
yaru-theme-sound	24.04.2-0ubuntu1	all
yelp	42.2-1ubuntu0.24.04.1	amd64
yelp-xsl	42.1-2ubuntu0.24.04.1	all
zenity	4.0.1-1build3	amd64
zenity-common	4.0.1-1build3	all
zip	3.0-13ubuntu0.2	amd64
zlib1g-dev:amd64	1:1.3.dfsg-3.1ubuntu2.1	amd64
zlib1g:amd64	1:1.3.dfsg-3.1ubuntu2.1	amd64
zstd	1.5.5+dfsg2-2build1.1	amd64
